Handle,Title,Body (HTML),Vendor,Type,Tags,Published,Option1 Name,Option1 Value,Option2 Name,Option2 Value,Option3 Name,Option3 Value,Variant SKU,Variant Grams,Variant Inventory Tracker,Variant Inventory Policy,Variant Fulfillment Service,Variant Price,Variant Compare At Price,Variant Requires Shipping,Variant Taxable,Variant Barcode,Image Src,Image Position,Image Alt Text,Gift Card,SEO Title,SEO Description,Google Shopping / Google Product Category,Google Shopping / Gender,Google Shopping / Age Group,Google Shopping / MPN,Google Shopping / AdWords Grouping,Google Shopping / AdWords Labels,Google Shopping / Condition,Google Shopping / Custom Product,Google Shopping / Custom Label 0,Google Shopping / Custom Label 1,Google Shopping / Custom Label 2,Google Shopping / Custom Label 3,Google Shopping / Custom Label 4,Variant Image,Variant Weight Unit,Variant Tax Code,Cost per item,Status
fish-mox-forte-amoxicillin-500mg-100-count,fish mox forte amoxicillin  500mg - 100 Count,"<p>Treat various fish issues effectively with Fish Mox Forte Antibiotic Capsules. Specifically designed for ornamental fish, these capsules help address eye infections, fin rot, and more. Easy to use and safe for aquarium environments.</p> <ul> <li>For ornamental fish health</li> <li>Easy-to-administer capsules</li> <li>Suitable for various fish ailments</li> <li>Safe and effective</li> </ul> <p>Note: Intended for ornamental fish use only.</p>",Dambshop,,"fish mox,fish mox  amoxicillin,fish mox forte,fish mox forte amoxicillin",2023-08-11T14:44:15+01:00,Title,Default Title,,,,,P238S,0,,deny,manual,49.99,78.81,VRAI,VRAI,,https://cdn.shopify.com/s/files/1/0616/7792/8703/products/amoxicillin-500-100.jpg?v=1674854242,,,FAUX,,,,,,,,,,,,,,,,https://cdn.shopify.com/s/files/1/0616/7792/8703/products/amoxicillin-500-100.jpg?v=1674854242,,,,active
aquarium-amoxicillin-500mg-100-capsules,Fish Mox Forte Amoxicillin 500MG - 100 COUNT,"<h2>FISH MOX FORTE AMOXICILLIN  500MG - 100 COUNT</h2> <p>fish mox forte 500mg exerts a bactericidal action on gram-positive and some gram-negative bacteria. Amoxicillin is a broad spectrum bacterial antibiotic. It is effective against a number of pathogentic bacteria associated with marine and freshwater ornamental fish diseases. Can use for infected eyes, pop-eye, fin or tail rot, skin ulcerations, columnaris disease, and gill disease.</p> <p><strong> Available Sizes :</strong></p> <ul data-mce-fragment=""1""> <li>fish mox amoxicillin -250mg 100 Count <br> </li> <li>fish mox forte  amoxicillin <a href=""https://thefishaid.com/products/fish-mox-forte-amoxicillin-500mg-100-count"" title=""fish mox forte amoxicillin 500mg - 100 Count"">-</a> 500mg  100 Count<br> </li> </ul> <p><strong>Dosage &amp; Administration: </strong>Add contents of one capsule (500 mg) into aquarium for each 20 gallons of water to be treated. Repeat in 24 hours. It is suggested that a partial water change be made between treatments. While treatment duration depends on type and severity of the infection, it is recommended that extended medication baths continue for a minimum of 5 days and not more than 10 days. Discontinue treatment with this medication if no improvement is noted within 5 days. To remove harmless yellow color, change 20% of water and use charcoal filter until clear.</p> <p><strong>Caution: </strong>Keep out of reach of children. For aquarium use only. Fish Antibiotics are Intended for ornamental fish and/or ornamental organisms, and not intended for use with fish that are intended for human consumption. For those allergic to Amoxicillin, separate capsule by holding each end above tank and tap out contents.</p> <p><strong>Ingredients:</strong> Amoxicillin 500 mg</p> <p><strong>Storage: </strong>Keep lid tightly fastened and store at controlled room temperature of 59°-86°F. (15°-30°C).</p>",Dambshop,,,2023-08-11T14:23:12+01:00,Title,Default Title,,,,,,0,,deny,manual,49.99,78.81,VRAI,VRAI,,https://cdn.shopify.com/s/files/1/0616/7792/8703/files/kdamoxicillin-500-100.jpg?v=1691760194,,,FAUX,,,,,,,,,,,,,,,,https://cdn.shopify.com/s/files/1/0616/7792/8703/files/kdamoxicillin-500-100.jpg?v=1691760194,,,,active
copy-of-fish-fluconazole-100-mg-tablets-30-count,Fish Fluconazole 100 mg Tablets 30 Count,"<h2 data-mce-fragment=""1"">Fish Fluconazole 100 mg Tablets 30 Count</h2> <p data-mce-fragment=""1""><strong data-mce-fragment=""1"">Fish Fluconazole </strong>is an antifung al medication used to treat topical and systemic fungal infections in fish. It is used in aquariu ms for treatment of fungus susceptible to fungus like Ichthyophonus hoferi and Saprolegnia fungus.</p> <p data-mce-fragment=""1""><strong data-mce-fragment=""1"">This product is USP grade and manufactured in the USA</strong></p> <p data-mce-fragment=""1""><strong data-mce-fragment=""1"">Description: </strong>Fish  Flucon Fluconazole is an anti fungal medication used for topical and systemic fungal infections in fish. Designed for use in aquariums, this fish medication is effective against the fungus that is susceptible to Fluconazole, such as Ichthyophonus hoofer and Saprolegnia fungus.</p> <p data-mce-fragment=""1""><strong data-mce-fragment=""1""><br></strong></p> <p data-mce-fragment=""1""><strong data-mce-fragment=""1"">Active Ingredients: fish </strong>Fluconazole 100 mg</p> <p data-mce-fragment=""1""><strong data-mce-fragment=""1"">Directions: </strong></p> <ul data-mce-fragment=""1""> <li data-mce-fragment=""1"">Use one tablet 100mg  per 50 gallons water</li> <li data-mce-fragment=""1"">Dissolve in small amount of water, add directly into aquarium, pond or hospital tank.</li> <li data-mce-fragment=""1"">Repeat every 24 hours for 5-10 days, do not exceed 10 days.</li> <li data-mce-fragment=""1"">It’s recommended that 1/4 water change be made daily during treatment.</li> </ul> <p data-mce-fragment=""1""><strong data-mce-fragment=""1"">Caution</strong>:</p> <p data-mce-fragment=""1"">For aquarium and ornamental fish only. Not for human use. This product should not be given to fish intended for human consumption. Keep out of the reach of children and animals. Keep container tightly closed and in a cool dry place. In case of accidental overdose, contact a health professional immediately. </p>",Dambshop,,"Fish  Fluconazole,Fish Flucon,Fish Flucon - Fluconazole 100 mg,kraft drugs",2023-02-14T21:29:13+01:00,Title,Default Title,,,,,FLUC01,0,,deny,manual,69.95,89.99,VRAI,FAUX,,https://cdn.shopify.com/s/files/1/0616/7792/8703/products/aquariumfluconazole100-30_002_5f9344c0-ddf0-40ae-8675-6ffe2715794b.jpg?v=1676406403,1,,FAUX,,,,,,,,,,,,,,,,https://cdn.shopify.com/s/files/1/0616/7792/8703/products/aquariumfluconazole100-30_002_5f9344c0-ddf0-40ae-8675-6ffe2715794b.jpg?v=1676406403,,,,active
copy-of-fish-zole-forte-metronidazole-500-mg-30-count,Fish Zole Forte - Metronidazole 500 mg (60 Count),"<div class=""product-description rte"" data-mce-fragment=""1"" itemprop=""description""> <p data-mce-fragment=""1""><strong data-mce-fragment=""1"">Fish Zole Forte</strong> (Metronidazole) exerts a bactericidal action on gram positive and some gram negative bacteria. It is effective against a number of pathogentic bacteria associated with ornamental fish diseases, including areomonas and pseudomonas genera and mysobacterial group (gill diseases, chondrococcus). It is useful in the control of “Hole-in-the-Head” and “Angel Problems” in Cichlid and Discus. <span style=""color: #ffffff;"" data-mce-fragment=""1"" data-mce-style=""color: #ffffff;"">THOMASLABS</span><br data-mce-fragment=""1""></p> <p data-mce-fragment=""1""><strong data-mce-fragment=""1"">Dosage &amp; Administration</strong></p> <p data-mce-fragment=""1"">Add one tablet (500 mg) into aquarium for each 20 gallons of water to be treated. Repeat in 24 hours. It is suggested that a partial water change be made between treatments. While treatment duration depends on type and severity of the infection, it is recommended that extended medication baths continue for a minimum of 5 days and not more than 10 days. Discontinue treatment with this medication if no improvement is noted within 5 days. To remove harmless yellow color, change 20% of water and use charcoal filter until clear.</p> <p data-mce-fragment=""1""><strong data-mce-fragment=""1"">Caution</strong></p> <p data-mce-fragment=""1"">Keep out of reach of children. Fish Antibiotics are for aquarium use only. Intended for ornamental fish and/or ornamental organisms, and not intended for use with fish for human consumption.</p> <p data-mce-fragment=""1""><strong data-mce-fragment=""1"">Ingredients</strong></p> <p data-mce-fragment=""1"">500 mg Metronidazole</p> <p data-mce-fragment=""1""><strong data-mce-fragment=""1"">Storage</strong></p> <p data-mce-fragment=""1"">Store at controlled room temperature of 59°-86°F. (15°-30°C).</p> </div>",ThomasPetRx,Fish Food,"Doxycycline,fish amoxicillin,FISH METRONIDAZOLE,fish mox forte,fish mox thomaspetrx,FISH SULFA FORTE,Fish Zole Forte,Sulfamethoxazole",2023-01-11T21:54:18+01:00,Title,Default Title,,,,,,100,,deny,manual,89.99,89.8,VRAI,FAUX,,https://cdn.shopify.com/s/files/1/0616/7792/8703/products/MET30_0a140cf4-8dd9-4856-a085-e9211a0df7ea.png?v=1673470395,,,FAUX,,,,,,,,,,,,,,,,https://cdn.shopify.com/s/files/1/0616/7792/8703/products/MET30_0a140cf4-8dd9-4856-a085-e9211a0df7ea.png?v=1673470395,,,,active
copy-of-fish-ceph-forte-cephalexin-500mg-capsules-100-count,Fish Ceph Forte - Cephalexin 500mg Capsules (100 Count),"<p><strong style=""font-size: 12px;"">Fish Flex Forte Cephalexin</strong><span style=""font-size: 12px;""> also known as Keflex) is a broad-spectrum antibiotic used in the treatment of a wide range of bacterial infections. It is effective against a number of pathogentic bacteria associated with ornamental fish diseases. <br></span></p> <p><strong>Dosage &amp; Administration: </strong><span style=""font-size: 12px;"">Add contents of one capsule (500 mg) into aquarium for each 20 gallons of water to be treated. Repeat in 24 hours. It is suggested that a partial water change be made between treatments. While treatment duration depends on type and severity of the infection, it is recommended that extended medication baths continue for a minimum of 5 days and not more than 10 days. Discontinue treatment with this medication if no improvement is noted within 5 days.</span></p> <p><strong>Caution: </strong><span style=""font-size: 12px;"">Keep out of reach of children. </span><strong style=""font-size: 12px;"">Fish Antibiotics</strong><span style=""font-size: 12px;""> are for aquarium use only. Intended for ornamental fish and/or ornamental organisms, and not intended for use with fish that are intended for human consumption.</span></p> <p><strong>Ingredients: 250 </strong><span style=""font-size: 12px;"">mg Cephalexin Monohydrate</span></p> <p><strong>Storage: </strong>Keep lid tightly fastened and store at controlled room temperature of 59°-86°F. (15°-30°C).</p>",ThomasPetRx,,"FISH CEPHALEXIN,FISH CEPHALEXIN FORTE,FISH FLEX,FISH FLEX FORTE,FISH KFLEX,Kopy",2022-11-28T09:10:45+01:00,Size,500 mg / 100 counts,,,,,,200,,deny,manual,69.95,89.99,VRAI,VRAI,,https://cdn.shopify.com/s/files/1/0616/7792/8703/products/CP_46e90db7-976e-424c-9023-d341d0f675ef.png?v=1669622965,,,FAUX,,,,,,,,,,,,,,,,https://cdn.shopify.com/s/files/1/0616/7792/8703/products/CP_46e90db7-976e-424c-9023-d341d0f675ef.png?v=1669622965,,,,active
bird-zithro-equivalent-azithromycin-250-mg-tablets-12-count,Aqua Zithro - Fish Zithro Equivalent - Azithromycin 250 mg Tablets (12 Count),"<p><strong>Available Sizes <br></strong>12 Count Aqua Fish Zithro<br>30 Count Aqua Fish Zithro</p> <p><strong>Bird Zithro</strong> (Azithromycin)</p> <br> <p>Fish Zithro 12 Count (Azithromycin) is a fish antibiotic that is used for systemic and local infections in fish, pigeons, pet birds, and exotic birds. This antibiotic is effective against gram-positive bacteria, as well as some gram-negative bacteria, spirochetes, anaerobic bacteria, and other types of microorganisms. Bird Zithro is also effective against <em>Chlamydia psittaci </em>in cockatiels. The active ingredient in this medication works by inhibiting the growth of bacteria, which helps to eliminate the bacteria and the infection. Not for use with birds intended for human consumption.</p> <br> <p><strong>Dosage &amp; Administration: </strong>Add the contents of 1 tablet, to 8 oz. of drinking water, make a fresh solution daily. Continue treatment for 7-10 days. Not to be given to birds that are intended for human consumption.</p> <br> <p><strong>Storage: </strong>Keep lid tightly fastened and store at controlled room temperature of 59°-86°F. (15°-30°C).</p> <br> <p><strong>Caution: </strong><span>Keep out of reach of children. </span>Bird Antibiotics<span> are not intended for human consumption or for use in bird for human consumption.</span></p> <br> <p><strong>Ingredients: </strong>250 mg Azithromycin<br><strong><br></strong><strong></strong></p> <p> </p> <style><!-- .tb_button {padding:1px;cursor:pointer;border-right: 1px solid #8b8b8b;border-left: 1px solid #FFF;border-bottom: 1px solid #fff;}.tb_button.hover {borer:2px outset #def; background-color: #f8f8f8 !important;}.ws_toolbar {z-index:100000} .ws_toolbar .ws_tb_btn {cursor:pointer;border:1px solid #555;padding:3px}   .tb_highlight{background-color:yellow} .tb_hide {visibility:hidden} .ws_toolbar img {padding:2px;margin:0px} --></style>",Midland,Medicines,"Bird Zithro,fish antibiotics,In Stock",2022-11-10T18:14:30+01:00,Title,Default Title,,,,,PM A6000,23,,deny,manual,49.95,44.95,VRAI,VRAI,,https://cdn.shopify.com/s/files/1/0616/7792/8703/products/zithro12.jpg?v=1665851824,1,,FAUX,,,,,,,,,,,,,,,,https://cdn.shopify.com/s/files/1/0616/7792/8703/products/zithro12.jpg?v=1665851824,,,,active
bird-zithro-equivalent-azithromycin-250-mg-tablets-12-count-1,Aqua Zithro - Bird Zithro Equivalent - Azithromycin 250 mg Tablets (30 Count),"<p><strong>Available Sizes <br></strong></p> <meta charset=""utf-8""> <p>12 Count Bird Zithro<br><span></span>30 Count Bird Zithro<br></p> <p><strong>Bird Zithro</strong> (Azithromycin)</p> <br> <p>Bird Zithro 30 Count (Azithromycin) is a bird antibiotic that is used for systemic and local infections in pigeons, pet birds, and exotic birds. This antibiotic is effective against gram-positive bacteria, as well as some gram-negative bacteria, spirochetes, anaerobic bacteria, and other types of microorganisms. Bird ZithroTM is also effective against <em>Chlamydia psittaci </em>in cockatiels. The active ingredient in this medication works by inhibiting the growth of bacteria, which helps to eliminate the bacteria and the infection. Not for use with birds intended for human consumption.</p> <br> <p><strong>Dosage &amp; Administration: </strong>Add the contents of 1 tablet, to 8 oz. of drinking water, make a fresh solution daily. Continue treatment for 7-10 days. Not to be given to birds that are intended for human consumption.</p> <br> <p><strong>Storage: </strong>Keep lid tightly fastened and store at controlled room temperature of 59°-86°F. (15°-30°C).</p> <br> <p><strong>Caution: </strong><span>Keep out of reach of children. </span>Bird Antibiotic<a href=""https://fishmoxfishflex.com/collections/bird-antibiotics"" title=""Bird Antibiotics"">s</a><span> are not intended for human consumption or for use in bird for human consumption.</span></p> <br> <p><strong>Ingredients: </strong>250 mg Azithromycin<br><strong><br></strong><strong>Related Products</strong><strong><br></strong></p> <br> <p><a href=""https://fishmoxfishflex.com/collections/amoxicillin-fish-antibiotics"" title=""mox""></a> </p>",Midland,Medicines,"Bird Zithro,fish antibiotics,In Stock",2022-11-10T18:14:30+01:00,Title,Default Title,,,,,PM A6001,23,,deny,manual,99.99,119.99,VRAI,VRAI,,https://cdn.shopify.com/s/files/1/0616/7792/8703/products/zithro30.jpg?v=1665851822,1,,FAUX,,,,,,,,,,,,,,,,https://cdn.shopify.com/s/files/1/0616/7792/8703/products/zithro30.jpg?v=1665851822,,,,active
fish-mox-equivalent-aqua-amoxicillin-250-mg-100-count,(Fish Mox Equivalent) Aqua Amoxicillin 250 mg - 100 count,"<meta charset=""utf-8""><meta charset=""utf-8""> <p><strong>Fish Amoxicillin </strong><span>is a broad-spectrum antibiotic that controls gram-positive and some gram-negative bacteria in fish. It works by halting the multiplication of bacteria associated with both fresh and salt water ornamental fish diseases. This fish antibiotic is useful for control of some common bacterial diseases in fish including Dropsy, Fin Rot, Red Pest, and disease caused by bacteria such as Aeromonas, Pseudomonas, and Mycobacterial (Gill diseases and Chondrococcus).</span><br><br><strong>Description: </strong>﻿Aqua<span> Amoxicillin  exerts bactericidal action on gram positive and some gram negative bacteria. Fish medicine like Amoxicillin is a broad spectrum antibiotic that is used to halt the multiplication of bacteria. <br></span><br><strong>Available Sizes/Strengths</strong></p> <ul> <li>250 mg 100 count bottle </li> <li>500 mg 30 count</li> <li>500 mg 100 count</li> </ul> <p><strong>Active Ingredients: </strong><span>Amoxicillin 250 mg</span><br><br><strong>Directions: </strong><br></p> <ul> <li>Add contents of one capsule (250 mg) into aquarium for each 10 gallons of water to be treated. Repeat in 24 hours. It is suggested that a partial water change is made between treatments. While the duration of treatment depends on type and severity of infection, it is recommended that extended medication baths continue for a minimum of 5 days &amp; for not more than 10 days. Discontinue treatment if no improvement is noted within 5 days.To remove harmless yellow color, change 20% of water and use charcoal filter until clear.</li> </ul> <meta charset=""utf-8""> <p><span><strong>Caution</strong>:</span><span> </span>For aquarium and ornamental fish only. Not for human use. This product should not be given to fish intended for human consumption. Keep out of the reach of children and animals. Keep container tightly closed and in a cool dry place. In case of accidental overdose, contact a health professional immediately.</p> <p><strong>﻿Expires 03/2024</strong></p> <p> </p>",Dambshop,Fish Antibiotics,"Fish Mox & Mox Forte (Amoxicillin),In Stock",2022-11-10T18:14:29+01:00,Title,Default Title,,,,,PM A6100,45,,deny,manual,29.95,35.95,VRAI,VRAI,,https://cdn.shopify.com/s/files/1/0616/7792/8703/products/aquamox_2dc31a17-85cd-4338-8c2b-927827baafdc.jpg?v=1665851821,1,,FAUX,,,,,,,,,,,,,,,,https://cdn.shopify.com/s/files/1/0616/7792/8703/products/aquamox_2dc31a17-85cd-4338-8c2b-927827baafdc.jpg?v=1665851821,,,,active
fish-zole-forte-equivalent-aqua-zole-metronidazole-plus-500-mg-60-count,(Fish Zole Forte Equivalent) Aqua Zole Metronidazole Plus - 500 mg - 60 Count,"<meta charset=""utf-8""><meta charset=""utf-8""> <p><strong>Fish Metronidazole Plus</strong><span> </span>is an antibiotic that exerts a bactericidal action on gram-positive and some gram-negative bacteria in fish. Useful to help control some common bacterial diseases in fish such as Aeromonas, Pseudomonas, and Mycobacterial (Gill diseases and Chondrococcus). Effective against anaerobic bacteria, a bacteria that only grows where there is no oxygen. Also used to control parasitic diseases such as Cryptocaryon irritans, Ichthyophthirius multifiliis, and Hexamita.</p> <p><br><strong>Description: </strong>Aqua Zole<span> Metronidazole Plus exerts bactericidal action on gram positive and some gram negative bacteria. It is u</span>seful for control of some common bacterial fish diseases including Aeromonas and Pseudomonas genera and mysobacterial group (gill diseases, chondrococcus).</p> <p><br><strong>Available Sizes/Strengths</strong></p> <ul> <li>250 mg 100 count bottle </li> <li>250 mg 30 count bottle</li> <li>500 mg 30 count</li> <li>500 mg 100 count</li> </ul> <p><strong>Active Ingredients: </strong>Metronidazole<span> 500 mg</span><br><br><strong>Directions: </strong></p> <meta charset=""utf-8""> <ul> <li><span><strong>500mg</strong> - Add one tablet (500mg) into aquarium for each 20 gallons of water to be treated. Repeat in 24 hours. It is suggested that a partial water change be made between treatments. While duration of treatment depends on type and severity of infection, it is recommended that extended medication baths continue for a minimum of 5 days and not for more than 10 days. Discontinue treatment if no improvement is noted within 5 days. To remove harmless yellow color, change 20% of water and use charcoal filter until clear.</span></li> </ul> <meta charset=""utf-8""> <p><span><strong>Caution</strong>:</span><span> </span>For aquarium and ornamental fish only. Not for human use. This product should not be given to fish intended for human consumption. Keep out of the reach of children and animals. Keep container tightly closed and in a cool dry place. In case of accidental overdose, contact a health professional immediately.</p>",Midland,Fish Antibiotics,"Fish Zole & Zole Forte (Metronidazole),In Stock",2022-11-10T18:14:29+01:00,Title,Default Title,,,,,PM A6021,45,,deny,manual,79.99,99.91,VRAI,VRAI,,https://cdn.shopify.com/s/files/1/0616/7792/8703/products/zoleforte.jpg?v=1665851818,1,,FAUX,,,,,,,,,,,,,,,,https://cdn.shopify.com/s/files/1/0616/7792/8703/products/zoleforte.jpg?v=1665851818,,,,active
fish-zole-equivalent-aqua-metronidazole-250-mg-60-count,(Fish Zole Equivalent) Aqua Metronidazole - 250 mg - 60 Count,"<meta charset=""utf-8""><meta charset=""utf-8""> <p><strong>Fish Metronidazole </strong>is an antibiotic that exerts a bactericidal action on gram-positive and some gram-negative bacteria in fish. Useful to help control some common bacterial diseases in fish such as Aeromonas, Pseudomonas, and Mycobacterial (Gill diseases and Chondrococcus). Effective against anaerobic bacteria, a bacteria that only grows where there is no oxygen. Also used to control parasitic diseases such as Cryptocaryon irritans, Ichthyophthirius multifiliis, and Hexamita.</p> <p><br><strong>Description: </strong>Aqua Zole<span> Metronidazole exerts bactericidal action on gram positive and some gram negative bacteria. It is u</span>seful for control of some common bacterial fish diseases including Aeromonas and Pseudomonas genera and mysobacterial group (gill diseases, chondrococcus).</p> <p><br><strong>Available Sizes/Strengths</strong></p> <ul> <li>250 mg 100 count bottle </li> <li>250 mg 30 count bottle</li> <li>500 mg 30 count</li> <li>500 mg 100 count</li> </ul> <p><strong>Active Ingredients: </strong>Metronidazole<span> 500 mg</span><br><br><strong>Directions: </strong></p> <meta charset=""utf-8""> <ul> <li><span><strong>250mg</strong> - Add one tablet (250mg) into aquarium for each 10 gallons of water to be treated. Repeat in 24 hours. It is suggested that a partial water change be made between treatments. While duration of treatment depends on type and severity of infection, it is recommended that extended medication baths continue for a minimum of 5 days and not for more than 10 days. Discontinue treatment if no improvement is noted within 5 days. To remove harmless yellow color, change 20% of water and use charcoal filter until clear.</span></li> </ul> <meta charset=""utf-8""> <p><span><strong>Caution</strong>:</span><span> </span>For aquarium and ornamental fish only. Not for human use. This product should not be given to fish intended for human consumption. Keep out of the reach of children and animals. Keep container tightly closed and in a cool dry place. In case of accidental overdose, contact a health professional immediately.</p>",Midland,Fish Antibiotics,"Fish Zole & Zole Forte (Metronidazole),In Stock",2022-11-10T18:14:28+01:00,Title,Default Title,,,,,PM A6018,45,,deny,manual,42.99,44.99,VRAI,VRAI,,https://cdn.shopify.com/s/files/1/0616/7792/8703/products/aquazole.jpg?v=1665851816,1,,FAUX,,,,,,,,,,,,,,,,https://cdn.shopify.com/s/files/1/0616/7792/8703/products/aquazole.jpg?v=1665851816,,,,active
fish-flex-equivalent-aqua-cephalexin-250-mg-100-count,(Fish Flex Equivalent) Aqua Cephalexin 250 mg - 100 count,"<meta charset=""utf-8""><meta charset=""utf-8""> <p><strong>Fish Cephalexin </strong>is a broad-spectrum antibiotic that is used in treating a wide variety of non-specific bacterial infections during the most active and multiplying stages of infection. This effective fish antibiotic is helpful with treating a number of pathogenic bacteria associated with ornamental fish diseases.</p> <p><strong>This product is USP grade and manufactured in the USA</strong></p> <p><strong>Description: </strong>Aqua Cephalexin is a broad spectrum non-prescription antibiotic used to treat a wide range of non-specific bacterial infections in fish during the most active and multiplying stages of infection.</p> <p><strong>Available Sizes/Strengths</strong></p> <ul> <li>250 mg 100 count </li> <li>250 mg 30 count</li> <li>500 mg 30 count<br><br><strong>Active Ingredients: </strong>Cephalexin Monohydrate<span> 250 mg</span> </li> </ul> <p><strong>Directions: </strong><br></p> <meta charset=""utf-8""> <ul> <li> <span>250mg - Add contents of one capsule (250 mg) into aquarium for each 10 gallons of water to be treated. Repeat in 24 hours. It is suggested that a partial water change be made between treatments. While duration of treatment depends on type and severity of infection, it is recommended that extended medication baths continue for a minimum of 5 days &amp; for not more than 10 days. Discontinue treatment if no improvement is noted within 5 days.</span><br> </li> </ul> <meta charset=""utf-8""> <p><span><strong>Caution</strong>:</span><span> </span>For aquarium and ornamental fish only. Not for human use. This product should not be given to fish intended for human consumption. Keep out of the reach of children and animals. Keep container tightly closed and in a cool dry place. In case of accidental overdose, contact a health professional immediately.</p> <p> </p> <style><!-- .tb_button {padding:1px;cursor:pointer;border-right: 1px solid #8b8b8b;border-left: 1px solid #FFF;border-bottom: 1px solid #fff;}.tb_button.hover {borer:2px outset #def; background-color: #f8f8f8 !important;}.ws_toolbar {z-index:100000} .ws_toolbar .ws_tb_btn {cursor:pointer;border:1px solid #555;padding:3px}   .tb_highlight{background-color:yellow} .tb_hide {visibility:hidden} .ws_toolbar img {padding:2px;margin:0px} --></style> <style><!-- .tb_button {padding:1px;cursor:pointer;border-right: 1px solid #8b8b8b;border-left: 1px solid #FFF;border-bottom: 1px solid #fff;}.tb_button.hover {borer:2px outset #def; background-color: #f8f8f8 !important;}.ws_toolbar {z-index:100000} .ws_toolbar .ws_tb_btn {cursor:pointer;border:1px solid #555;padding:3px}   .tb_highlight{background-color:yellow} .tb_hide {visibility:hidden} .ws_toolbar img {padding:2px;margin:0px} --></style>",Fish Mox Fish Flex.com,Fish Antibiotics,"Fish Flex & Flex Forte (Cephalexin/Keflex),In Stock",2022-11-10T18:14:28+01:00,Title,Default Title,,,,,PM A6006,45,,deny,manual,29.99,30.99,VRAI,VRAI,,https://cdn.shopify.com/s/files/1/0616/7792/8703/products/ceph.jpg?v=1665851813,1,,FAUX,,,,,,,,,,,,,,,,https://cdn.shopify.com/s/files/1/0616/7792/8703/products/ceph.jpg?v=1665851813,,,,active
fish-pen-equivalent-fish-biotic-penicillin-500-mg-30-count,Fish Pen Forte Equivalent - Fish Biotic Penicillin 500 mg - 30 count,"<meta charset=""utf-8""><meta charset=""utf-8""> <p><strong>Fish Penicillin 30 Count</strong><span> </span>is an antibiotic that exerts a bactericidal action on gram-positive and some gram-negative bacteria in fish. Used in the control of some common bacterial diseases in fish, including diseases caused by bacteria such as fin and tail rot and Flexibacteria infections.</p> <meta charset=""utf-8""> <p><strong>This product is USP grade and manufactured in the USA</strong></p> <p><strong>Description: </strong><span>Fish Penicillin </span> exerts a bactericidal action on gram positive and some gram negative bacteria. Useful for the control of some common bacterial diseases of fish including fin and tail rot and flexibacter infections.</p> <p><strong>Available Sizes/Strengths</strong></p> <ul> <li>500 mg 30 count</li> </ul> <p><strong>Active Ingredients: </strong>Penicillin<span> 250 mg</span><br><br><strong>Directions: </strong><br></p> <meta charset=""utf-8""> <ul> <li> <strong>500mg<span> </span></strong><span>- Add one tablet (500 mg) into aquarium for each 10 gallons of water to be treated. Repeat in 24 hours. It is suggested that a partial water change be made between treatments. While duration of treatment depends on type and severity of the infection, it is recommended that extended baths in the medication continue for a minimum of 5 days &amp; for not more than 10 days. Discontinue treatment with this medication if no improvement is noted within 5 days.</span><br> </li> </ul> <meta charset=""utf-8""> <p><span><strong>Caution</strong>:</span><span> </span>For aquarium and ornamental fish only. Not for human use. This product should not be given to fish intended for human consumption. Keep out of the reach of children and animals. Keep container tightly closed and in a cool dry place. In case of accidental overdose, contact a health professional immediately.</p> <p><br></p> <style><!-- .tb_button {padding:1px;cursor:pointer;border-right: 1px solid #8b8b8b;border-left: 1px solid #FFF;border-bottom: 1px solid #fff;}.tb_button.hover {borer:2px outset #def; background-color: #f8f8f8 !important;}.ws_toolbar {z-index:100000} .ws_toolbar .ws_tb_btn {cursor:pointer;border:1px solid #555;padding:3px}   .tb_highlight{background-color:yellow} .tb_hide {visibility:hidden} .ws_toolbar img {padding:2px;margin:0px} --></style> <style><!-- .tb_button {padding:1px;cursor:pointer;border-right: 1px solid #8b8b8b;border-left: 1px solid #FFF;border-bottom: 1px solid #fff;}.tb_button.hover {borer:2px outset #def; background-color: #f8f8f8 !important;}.ws_toolbar {z-index:100000} .ws_toolbar .ws_tb_btn {cursor:pointer;border:1px solid #555;padding:3px}   .tb_highlight{background-color:yellow} .tb_hide {visibility:hidden} .ws_toolbar img {padding:2px;margin:0px} --></style>",Fish Mox Fish Flex.com,Fish Antibiotics,"fish antibiotics,Fish Pen & Pen Forte (Penicillin),In Stock",2022-10-15T17:36:43+01:00,Title,Default Title,,,,,PM A7006,45,,deny,manual,49.99,59.99,VRAI,VRAI,,https://cdn.shopify.com/s/files/1/0616/7792/8703/products/fishbiotic500.jpg?v=1665851804,1,,FAUX,,,,,,,,,,,,,,,,https://cdn.shopify.com/s/files/1/0616/7792/8703/products/fishbiotic500.jpg?v=1665851804,,,,active
fish-flox-forte-ciprofloxacin-500-mg-100-tablets-1,Fish Flox Forte Ciprofloxacin 500 mg 100 Tablets,"<h2 data-mce-fragment=""1"">Fish Flox Forte - Fish Ciprofloxacin 500 mg 100 Tablets</h2> <h4><span style=""color: #ff2a00;""><strong>Expiration Date :  06/2024</strong></span></h4> <h3> <strong data-mce-fragment=""1"">Fish Flox Forte Ciprofloxacin </strong>is a synthetic broad spectrum antibiotic that is effective against gram-negative and some gram-positive bacterial pathogens of fish, e.g. aeromonads, flexibacteria, vibrios.</h3> <p data-mce-fragment=""1""><strong>Use for:</strong> Columnaris infections (Fin Rot, Saddleback, and Black Patch Necrosis Syndromes), Freshwater and Saltwater Furuncolosis (skin ulcers, systemic disease). Because it inhibits unique target enzymes needed for bacterial replication and DNA repair, it may be effective against bacteria unresponsive to other antibiotics.</p> <p data-mce-fragment=""1""><strong data-mce-fragment=""1"">Dosage &amp; Administration:</strong>Pre-dissolve one tablet (500 mg) per 2 gallons of water in a small amount of water prior to adding to a hospital tank. Immerse for one hour. Repeat every day for 5-7 days with daily water changes after each treatment. Ciprofloxacin chelates divalent cations water hardness (increase dose for marine fish) and high divalent cations in diet. Its activity decreases with high pH (&gt;6.9). It can be bacteriostatic or bactericidal depending on the effective concentration at the target site.</p> <p data-mce-fragment=""1""><strong data-mce-fragment=""1"">Caution:</strong>Keep out of reach of children.Fish Antibiotics are for aquarium use only. Intended for ornamental fish and/or ornamental organisms, and not intended for use with fish that are intended for human consumption.</p> <p data-mce-fragment=""1""><strong data-mce-fragment=""1"">Ingredients:</strong>500 mg Ciprofloxacin</p> <p data-mce-fragment=""1""><strong data-mce-fragment=""1"">Storage:</strong>Keep lid tightly fastened and store at controlled room temperature of 59°-86°F. (15°-30°C).</p>",Dambshop,,"aquarium cipro,aquarium ciprofloxacin,Fish cipro,Fish cipro 500 mg,Fish ciprofloxacin,Fish Flox Forte",2022-10-08T22:44:02+01:00,Title,Default Title,,,,,,0,,deny,manual,89.95,98.95,VRAI,VRAI,,https://cdn.shopify.com/s/files/1/0616/7792/8703/products/aquarium-ciprofloxacin-500-100_c5274022-59d5-44ee-89d8-63b2ff878681.jpg?v=1674854258,,,FAUX,,,,,,,,,,,,,,,,https://cdn.shopify.com/s/files/1/0616/7792/8703/products/aquarium-ciprofloxacin-500-100_c5274022-59d5-44ee-89d8-63b2ff878681.jpg?v=1674854258,,,,active
fish-mox-forte-equivalent-aqua-amoxicillin-plus-500-mg-100-count,(Fish Mox Forte Equivalent) Aqua Amoxicillin Plus - 500 mg - 100 Count,"<p><strong>Fish Amoxicillin Plus</strong> is a broad-spectrum antibiotic that controls gram-positive and some gram-negative bacteria in fish. It works by halting the multiplication of bacteria associated with both fresh and salt water ornamental fish diseases. This fish antibiotic is useful for control of some common bacterial diseases in fish including Dropsy, Fin Rot, Red Pest, and disease caused by bacteria such as Aeromonas, Pseudomonas, and Mycobacterial (Gill diseases and Chondrococcus).<br><br><strong>Description: </strong>Aqua Amoxicillin Plus exerts bactericidal action on gram positive and some gram negative bacteria. Fish medicine like Amoxicillin is a broad spectrum antibiotic that is used to halt the multiplication of bacteria. <br><br></p> <p><strong>Active Ingredients: </strong>Amoxicillin 500 mg<br><br><strong>Directions: </strong></p> <ul> <li> <strong>500mg</strong> - Add contents of one capsule (500 mg) into aquarium for each 20 gallons of water to be treated. Repeat in 24 hours. It is suggested that a partial water change be made between treatments. While duration of treatment depends on type and severity of infection, it is recommended that extended medication baths continue for a minimum of 5 days &amp; for not more than 10 days. Discontinue treatment if no improvement is noted within 5 days.To remove harmless yellow color, change 20% of water and use charcoal filter until clear.</li> </ul> <p><strong>Caution</strong>: For aquarium and ornamental fish only. Not for human use. This product should not be given to fish intended for human consumption. Keep out of the reach of children and animals. Keep container tightly closed and in a cool dry place. In case of accidental overdose, contact a health professional immediately.</p>",Midland,Fish Antibiotics,"In Stock,Kopy",2022-08-28T22:17:54+01:00,Title,Default Title,,,,,318446,45,,deny,manual,37.99,49.99,VRAI,VRAI,,https://cdn.shopify.com/s/files/1/0616/7792/8703/products/318442_MAIN._AC_SL1200_V1631763398.webp?v=1661776691,,,FAUX,,,,,,,,,,,,,,,,https://cdn.shopify.com/s/files/1/0616/7792/8703/products/318442_MAIN._AC_SL1200_V1631763398.webp?v=1661776691,,,,active
fish-zithro-azithromycin-30-tablets,fish zithro azithromycin 30 tablets,"<h2 data-mce-fragment=""1"" aria-label=""productname"" role=""main"" class=""page_headers"">fish zithro azithromycin 30 tabletes</h2> <p aria-label=""productname"" role=""main"" class=""page_headers""><span style=""text-decoration: underline;""><strong>Aquarium Azithromycin- 30 tablets</strong></span></p> <p>Each tablet contains…Azithromycin 250mg. USP</p> <p>Azithromycin is a semisynthetic broad spectrum antibiotic</p> <p>For treatment against many gram-positive and gram-negative microorganisms</p> <p><strong>Dosage…</strong>Use one tablet [ 250mg. ] per 10 gallons water</p> <p>Dissolve in small amount of water, add directly into aquarium, pond or hospital tank</p> <p>Repeat every 24 hours for 5-6 days, do not exceed 6 days</p> <p>It’s recommended that 1/4 water change be made daily during treatment</p> <p><strong>Caution…</strong>Keep out of reach of children</p> <p>For ornamental fish use only</p> <p>Not for human consumption or fish meant for food</p> <p> </p>",Dambshop,,"azithro,fish azithro,fish azithromycin,fish zithro,kraft drug,kraft drugs,zithro",2022-06-10T01:21:53+01:00,Title,Default Title,,,,,,0,,deny,manual,69.95,89.95,VRAI,VRAI,,https://cdn.shopify.com/s/files/1/0616/7792/8703/products/aquariumazithromycin30.jpg?v=1674854262,,,FAUX,,,,,,,,,,,,,,,,https://cdn.shopify.com/s/files/1/0616/7792/8703/products/aquariumazithromycin30.jpg?v=1674854262,,,,active
fish-amoxicillin-clavulanate-875mg-125mg-30-tablets,Fish Amoxicillin Clavulanate 875mg/125mg- 30 tablets,"<h2>Fish Amoxicillin Clavulanate 875mg/125mg- 30 tablets</h2> <div><strong>Description: </strong></div> <div> <span data-mce-fragment=""1"">Fish Amoxicillin Clavulanate is a semisynthetic antibiotic , </span>For treatment against many gram-positive and gram-negative microorganisms .</div><div><br></div> <div><strong>Active Ingredients:  Amoxicillin/Clavulanate Potassium 875mg./125mg. USP</strong></div> <div><strong>Directions: </strong></div> <ul> <li> <div>Use one tablet [ 875mg./125mg. ] per 40 gallons water</div> <div>Dissolve in small amount of water, add directly into aquarium, pond or hospital tank</div> <div>Repeat every 24 hours for 5-10 days, do not exceed 10 days</div> <div>It’s recommended that 1/4 water change be made daily during treatment</div> </li> </ul> <div> <strong>Caution</strong>…Keep out of reach of children</div> <div>For ornamental fish use only</div> <div>Not for human consumption or fish meant for food</div> <div> </div>",Dambshop,,"fish amoxicillin,Fish Amoxicillin Clavulanate,fish antibiotics amoxicillin,Fish Clavulanate,fish mox forte,fish mox near me,thomas labs fish antibiotics",2022-06-04T10:20:44+01:00,Title,Default Title,,,,,,0,,deny,manual,69.95,129.95,VRAI,FAUX,,https://cdn.shopify.com/s/files/1/0616/7792/8703/products/moxclav_1024x1024_bbb97552-9a13-4f52-89a3-639725af8cf8.webp?v=1677186135,,,FAUX,,,,,,,,,,,,,,,,https://cdn.shopify.com/s/files/1/0616/7792/8703/products/moxclav_1024x1024_bbb97552-9a13-4f52-89a3-639725af8cf8.webp?v=1677186135,,,,active
fish-aquarium-levofloxacin-500mg-30-tablets,Fish Levofloxacin - 500mg  30 tablets,"<h2>Fish Levofloxacin- 500mg  - 30 tablets</h2> <div> <strong>Fish <span data-mce-fragment=""1"">Levofloxacin </span></strong> is a synthetic broad spectrum antibiotic that is effective against gram-negative and some gram-positive bacterial pathogens of fish, e.g. aeromonads, flexibacteria, vibrios.</div> <div><br></div> <div> <strong>Use for:</strong> Columnaris infections (Fin Rot, Saddleback, and Black Patch Necrosis Syndromes), Freshwater and Saltwater Furuncolosis (skin ulcers, systemic disease). Because it inhibits unique target enzymes needed for bacterial replication and DNA repair, it may be effective against bacteria unresponsive to other antibiotics.</div> <div><br></div> <div> <strong>Dosage &amp; Administration: </strong>Pre-dissolve one tablet (500 mg) per 20 gallons of water in a small amount of water prior to adding to a hospital tank. Immerse for one hour. Repeat every day for 5-7 days with daily water changes after each treatment. <span data-mce-fragment=""1"">Levofloxacin</span> chelates divalent cations water hardness (increase dose for marine fish) and high divalent cations in diet. Its activity decreases with high pH (&gt;6.9). It can be bacteriostatic or bactericidal depending on the effective concentration at the target site.</div> <div> <strong>Caution:</strong>Keep out of reach of children.Fish Antibiotics are for aquarium use only. Intended for ornamental fish and/or ornamental organisms, and not intended for use with fish that are intended for human consumption.</div> <div> <strong>Ingredients:</strong> <span data-mce-fragment=""1"">Levofloxacin 500mg</span> </div> <div> <strong>Storage:</strong>Keep lid tightly fastened and store at controlled room temperature of 59°-86°F. (15°-30°C).</div>",Dambshop,,"fish cipro,fish Ciprofloxacin,Fish Flox,Fish Flox Forte",2022-05-12T17:36:16+01:00,Title,Default Title,,,,,,0,,deny,manual,69.99,110.12,VRAI,VRAI,,https://cdn.shopify.com/s/files/1/0616/7792/8703/products/levo50030_1024x1024_9f0af6a3-fad4-4989-9039-8236997b5dbc.webp?v=1677187036,,,FAUX,,,,,,,,,,,,,,,,https://cdn.shopify.com/s/files/1/0616/7792/8703/products/levo50030_1024x1024_9f0af6a3-fad4-4989-9039-8236997b5dbc.webp?v=1677187036,,,,active
fish-doxy-doxycycline-100-mg-tablets-30-count,Fish Doxy - Doxycycline 100 mg Tablets (30 Count),"<p>Fish Aid: Bacterial Disease Control</p> <p>Keep your fish healthy with Fish Aid, a solution for common bacterial diseases like septicemia, mouth rot, and fin/tail issues.</p> <ul> <li>Easy-to-use tablets</li> <li>Safe for aquarium fish</li> <li>Recommended 5 to 10-day use</li> <li>Maintain a vibrant aquatic environment</li> </ul> <p>Note: Intended for ornamental fish only.</p>",ThomasPetRx,,"Doxycycline,fish amoxicillin,Fish Doxy,Fish Doxy - Doxycycline,Fish Doxy - Doxycycline FORTE,fish mox forte,fish mox thomaspetrx,Kopy",2022-04-05T18:38:19+00:00,Title,Default Title,,,,,,200,,deny,manual,49.98,78.99,VRAI,VRAI,,https://cdn.shopify.com/s/files/1/0616/7792/8703/products/PICDOX.png?v=1649183861,,,FAUX,,,,,,,,,,,,,,,,https://cdn.shopify.com/s/files/1/0616/7792/8703/products/PICDOX.png?v=1649183861,,,,active
fish-ceph-forte-cephalexin-500-mg-capsules-30-count,Fish Ceph Forte - Cephalexin 250mg Capsules (100 Count),"<p><strong style=""font-size: 12px;"">Fish Flex Forte Cephalexin</strong><span style=""font-size: 12px;""> also known as Keflex) is a broad-spectrum antibiotic used in the treatment of a wide range of bacterial infections. It is effective against a number of pathogentic bacteria associated with ornamental fish diseases. <br></span></p> <p><strong>Dosage &amp; Administration: </strong><span style=""font-size: 12px;"">Add contents of one capsule (500 mg) into aquarium for each 20 gallons of water to be treated. Repeat in 24 hours. It is suggested that a partial water change be made between treatments. While treatment duration depends on type and severity of the infection, it is recommended that extended medication baths continue for a minimum of 5 days and not more than 10 days. Discontinue treatment with this medication if no improvement is noted within 5 days.</span></p> <p><strong>Caution: </strong><span style=""font-size: 12px;"">Keep out of reach of children. </span><strong style=""font-size: 12px;"">Fish Antibiotics</strong><span style=""font-size: 12px;""> are for aquarium use only. Intended for ornamental fish and/or ornamental organisms, and not intended for use with fish that are intended for human consumption.</span></p> <p><strong>Ingredients: 250 </strong><span style=""font-size: 12px;"">mg Cephalexin Monohydrate</span></p> <p><strong>Storage: </strong>Keep lid tightly fastened and store at controlled room temperature of 59°-86°F. (15°-30°C).</p>",ThomasPetRx,,"FISH CEPHALEXIN,FISH CEPHALEXIN FORTE,FISH FLEX,FISH FLEX FORTE,FISH KFLEX,Kopy",2022-03-23T18:50:25+01:00,Size,250 mg / 100 counts,,,,,,200,,deny,manual,52.95,88.99,VRAI,VRAI,,https://cdn.shopify.com/s/files/1/0616/7792/8703/products/CP.png?v=1648057832,,,FAUX,,,,,,,,,,,,,,,,https://cdn.shopify.com/s/files/1/0616/7792/8703/products/CP.png?v=1648057832,,,,active
aquarium-doxycycline-100-mg-100-tablets,Aquarium Doxycycline 100 mg 100 Tablets,"<h2>Aquarium Doxycycline 100 mg 100 Tablets</h2> <h3><span style=""color: #ff2a00;"">Expiration Date : 01/2025</span></h3> <p><strong>Aquarium Doxycycline </strong>is an antibiotic that exerts a bactericidal action on gram-positive and some gram-negative bacteria in fish. Used for the control of some common bacterial fish diseases such as Tail Rot, Mouth Rot, Fin Rot, and Septicemia.</p> <p><strong>This product is USP grade and manufactured in the USA</strong></p> <p><strong>Description: </strong>Fish Doxycycline is an antibiotic that exerts a bactericidal action on gram-positive and some gram -negative bacteria in fish. This fish antibiotic is useful for control of some common bacterial diseases in fish, including Septicemia, Mouth Rot, and Fin and Tail Rot.</p> <p><strong>Active Ingredients: </strong>Doxycycline Hyclate 100 mg</p> <p><strong>Directions: </strong><br> </p> <ul> <li>Add 1 tablet (100 mg) into aquarium for every 15 gallons of water to be treated. Repeat in 24 hours. It is suggested that a partial water change be made between treatments. While duration of treatment depends on type and severity of infection, it is recommended that extended medication baths continue for a minimum of 5 days but not more than 10 days. Discontinue treatment if no improvement is noted within 5 days. To remove harmless yellow color, change 20% of water and use charcoal filter until clear.<br> </li> </ul> <p><strong>Caution</strong>:For aquarium and ornamental fish only. Not for human use. This product should not be given to fish intended for human consumption. Keep out of the reach of children and animals. Keep container tightly closed and in a cool dry place. In case of accidental overdose, contact a health professional immediately. </p>",Dambshop,,"aquarium,Aquarium Doxycycline,doxycycline,fish,Fish  Doxy,Fish  Doxycycline 100 mg,Fish Doxy Doxycycline",2022-03-16T22:49:35+01:00,Size,100 Tablets,,,,,KD-10023,0,,deny,manual,85.95,95.95,VRAI,VRAI,,https://cdn.shopify.com/s/files/1/0616/7792/8703/products/doxycycline100counttablets_1.jpg?v=1681345595,1,,FAUX,,,,,,,,,,,,,,,,https://cdn.shopify.com/s/files/1/0616/7792/8703/products/doxycycline100counttablets_1.jpg?v=1681345595,,,,active
thomaspetrx-fish-mox-forte-500-mg-capsule-30-count,"Fish Mox Forte 500 mg, Capsule - 30 count","<div class=""product-description rte"" data-mce-fragment=""1"" itemprop=""description""> <p data-mce-fragment=""1"">Fish Mox (Amoxicillin)<span style=""font-size: 12px;"" data-mce-fragment=""1"" data-mce-style=""font-size: 12px;""> exerts a bactericidal action on gram-positive and some gram-negative bacteria. Amoxicillin is a broad spectrum bacterial antibiotic. It is effective against a number of pathogentic bacteria associated with marine and freshwater ornamental fish diseases. Can use for infected eyes, pop-eye, fin or tail rot, skin ulcerations, columnaris disease, and gill disease. <span style=""color: #ffffff;"">Thomaslabs</span><br></span></p> <p data-mce-fragment=""1""><strong data-mce-fragment=""1"">Dosage &amp; Administration: </strong><span style=""font-size: 12px;"" data-mce-fragment=""1"" data-mce-style=""font-size: 12px;"">Add the contents of one fish mox capsule (250 mg) into aquarium for each 10 gallons of water to be treated. Repeat in 24 hours. It is suggested that a partial water change be made between treatments. While treatment duration depends on type and severity of the infection, it is recommended that extended medication baths continue for a minimum of 5 days and not more than 10 days. Discontinue treatment with this medication if no improvement is noted within 5 days.</span></p> <p data-mce-fragment=""1"">To remove harmless yellow color, change 20% of water and use charcoal filter until clear.</p> <p data-mce-fragment=""1""><strong data-mce-fragment=""1"">Caution: </strong><span style=""font-size: 12px;"" data-mce-fragment=""1"" data-mce-style=""font-size: 12px;"">Keep out of reach of children. </span><span style=""font-size: 12px;"" data-mce-fragment=""1"" data-mce-style=""font-size: 12px;"">For aquarium use only. </span>Fish Antibiotics<span style=""font-size: 12px;"" data-mce-fragment=""1"" data-mce-style=""font-size: 12px;""> are Intended for ornamental fish and/or ornamental organisms, and not intended for use with fish that are intended for human consumption. For those allergic to Amoxicillin, separate capsule by holding each end above tank and tap out contents.</span></p> <p data-mce-fragment=""1""><strong data-mce-fragment=""1"">Ingredients: </strong><span style=""font-size: 12px;"" data-mce-fragment=""1"" data-mce-style=""font-size: 12px;"">500 mg Amoxicillin </span></p> <p data-mce-fragment=""1""><strong data-mce-fragment=""1"">Storage: </strong>Keep lid tightly fastened and store at controlled room temperature of 59°-86°F. (15°-30°C).<strong data-mce-fragment=""1""></strong></p> <p data-mce-fragment=""1""><strong>Available Sizes/Strengths</strong></p> <ul> <li> <h4 class=""Polaris-Header-Title_2qj8j""><span style=""color: #2b00ff;""><strong>Fish Mox Forte - Amoxicillin</strong><strong> </strong><strong>500</strong><strong> mg (100 Count)</strong></span></h4> </li> </ul> </div>",ThomasPetrx,Aquariums,"FISH AID FORTE,FISH AID THOMAS LABS,fish amoxicillin,fish mox,fish mox forte,fish mox thomas labs,fish mox thomaspetrx",2022-01-22T13:43:56+01:00,Title,Default Title,,,,,,100,,deny,manual,35.99,42.75,VRAI,FAUX,,https://cdn.shopify.com/s/files/1/0616/7792/8703/products/AZ1_c58ca178-bca6-4095-b77d-dd6cb56fcb51.png?v=1640202690,,,FAUX,,,,,,,,,,,,,,,,https://cdn.shopify.com/s/files/1/0616/7792/8703/products/AZ1_c58ca178-bca6-4095-b77d-dd6cb56fcb51.png?v=1640202690,,,,active
fish-sulfa-forte-sulfamethoxazole-800-mg-trimethoprim-160-mg-tablets-100-count,"Fish Sulfa Forte - Sulfamethoxazole 800 mg, Trimethoprim 160 mg Tablets (30 Count)","<p data-mce-fragment=""1""><strong>FISH SULFA FORTE </strong>100 count is an effective antibiotic for the diseases of ornamental fish caused by gram-negative bacteria, including areomonas, and pseudomonas genera and mysobacterial group.</p> <br data-mce-fragment=""1""> <p data-mce-fragment=""1""><strong data-mce-fragment=""1"">Dosage &amp; Administration: </strong><span style=""font-size: 12px;"" data-mce-fragment=""1"" data-mce-style=""font-size: 12px;"">Add one tablet (960 mg) into aquarium for each 40 gallons of water to be treated. Repeat in 24 hours. It is suggested that a partial water change be made between treatments. While duration of treatment depends on type and severity of infection, it is recommended that extended baths in the medication continue for a minimum of 5 days &amp; for not more than 10 days. Discontinue treatment with this medication if no improvement is noted within 5 days. To remove harmless yellow color, change 20% of water and use charcoal filter until clear.</span></p> <br data-mce-fragment=""1""> <p data-mce-fragment=""1""><strong data-mce-fragment=""1"">Caution: </strong><span style=""font-size: 12px;"" data-mce-fragment=""1"" data-mce-style=""font-size: 12px;"">Keep out of reach of children. Fish Antibiotics</span><span style=""font-size: 12px;"" data-mce-fragment=""1"" data-mce-style=""font-size: 12px;""> or aquarium use only. Intended for ornamental fish and/or ornamental organisms, and not intended for use with fish that are intended for human consumption. <br></span></p> <br data-mce-fragment=""1""> <p data-mce-fragment=""1""><strong data-mce-fragment=""1"">Ingredients:</strong><span style=""font-size: 12px;"" data-mce-fragment=""1"" data-mce-style=""font-size: 12px;"">Each tablet contains Sulfamethoxazole 800mg, Trimethoprim 160mg. </span></p> <br data-mce-fragment=""1""> <p data-mce-fragment=""1""><strong data-mce-fragment=""1"">Storage: </strong>Keep lid tightly fastened and store at controlled room temperature of 59°-86°F. (15°-30°C).</p>",ThomasPetRx,Fish Feeders,"FISH AID FORTE,FISH AID THOMAS LABS,fish amoxicillin,fish mox forte,fish mox thomas labs,FISH SULFA,FISH SULFA FORTE,FISH SULFA THOMAS LABS,Sulfamethoxazole,Trimethoprim",2022-01-22T13:43:55+01:00,Title,Default Title,,,,,,0,,deny,manual,69.95,87.98,VRAI,FAUX,,https://cdn.shopify.com/s/files/1/0616/7792/8703/products/SUL.png?v=1640202696,,,FAUX,,,,,,,,,,,,,,,,https://cdn.shopify.com/s/files/1/0616/7792/8703/products/SUL.png?v=1640202696,,,,active
fish-pen-forte-penicillin-500-mg-30-count,Fish Pen Forte - Penicillin 500 mg (30 Count),"<p data-mce-fragment=""1""><strong data-mce-fragment=""1"">Fish Pen Forte Penicillin</strong><span data-mce-fragment=""1""> is effective treatment for pop-eyes, infected eyes, fin or tail rot, gill disease, columnaris disease, and skin ulcerations and other bacterial diseases in ornamental fish.</span></p> <p data-mce-fragment=""1""><strong data-mce-fragment=""1"">Dosage &amp; Administration: </strong><span data-mce-fragment=""1"">Add one tablet (500 mg) into aquarium for each 20 gallons of water to be treated. Repeat in 24 hours. It is suggested that a partial water change be made between treatments. While duration of treatment depends on type and severity of the infection, it is recommended that extended baths in the medication continue for a minimum of 5 days &amp; for not more than 10 days. Discontinue treatment with this medication if no improvement is noted within 5 days.</span></p> <p data-mce-fragment=""1""><strong data-mce-fragment=""1"">Caution: </strong><span data-mce-fragment=""1"">Keep out of reach of children. </span><strong data-mce-fragment=""1"">Fish Antibiotics</strong><span data-mce-fragment=""1""> are for aquarium use only. Intended for ornamental fish and/or ornamental organisms, and not intended for use with fish that are intended for human consumption.</span></p> <p data-mce-fragment=""1"">For those allergic to penicillin, do not put hand in tank for three days after treatment.</p> <p data-mce-fragment=""1""><strong data-mce-fragment=""1"">Ingredients: </strong><span data-mce-fragment=""1"">500 mg Penicillin</span></p> <p data-mce-fragment=""1""><strong data-mce-fragment=""1"">Storage: </strong>Keep lid tightly fastened and store at controlled room temperature of 59°-86°F. (15°-30°C).</p>",ThomasPetrx,Fish Feeders,"FISH AID FORTE,FISH AID THOMAS LABS,fish amoxicillin,fish mox,fish mox forte,fish mox thomas labs,fish mox thomaspetrx,fish penicillin",2022-01-22T13:43:54+01:00,Title,Default Title,,,,,,100,,deny,manual,56.95,74.99,VRAI,FAUX,,https://cdn.shopify.com/s/files/1/0616/7792/8703/products/AZ1.png?v=1640202692,,,FAUX,,,,,,,,,,,,,,,,https://cdn.shopify.com/s/files/1/0616/7792/8703/products/AZ1.png?v=1640202692,,,,active
fish-pen-forte-penicillin-500-mg-100-count,Fish Pen Forte - Penicillin 500 mg (100 Count),"<div class=""product-description rte"" data-mce-fragment=""1"" itemprop=""description""> <p data-mce-fragment=""1""><strong data-mce-fragment=""1"">Fish Pen Forte Penicillin</strong><span data-mce-fragment=""1""> is effective treatment for pop-eyes, infected eyes, fin or tail rot, gill disease, columnaris disease, and skin ulcerations and other bacterial diseases in ornamental fish. <span style=""color: #ffffff;"">THOMASLABS</span><br></span></p> <p data-mce-fragment=""1""><strong data-mce-fragment=""1"">Dosage &amp; Administration: </strong><span data-mce-fragment=""1"">Add one tablet (500 mg) into aquarium for each 20 gallons of water to be treated. Repeat in 24 hours. It is suggested that a partial water change be made between treatments. While duration of treatment depends on type and severity of the infection, it is recommended that extended baths in the medication continue for a minimum of 5 days &amp; for not more than 10 days. Discontinue treatment with this medication if no improvement is noted within 5 days.</span></p> <p data-mce-fragment=""1""><strong data-mce-fragment=""1"">Caution: </strong><span data-mce-fragment=""1"">Keep out of reach of children. </span><strong data-mce-fragment=""1"">Fish Antibiotics</strong><span data-mce-fragment=""1""> are for aquarium use only. Intended for ornamental fish and/or ornamental organisms, and not intended for use with fish that are intended for human consumption.</span></p> <p data-mce-fragment=""1"">For those allergic to penicillin, do not put hand in tank for three days after treatment.</p> <p data-mce-fragment=""1""><strong data-mce-fragment=""1"">Ingredients: </strong><span data-mce-fragment=""1"">500 mg Penicillin</span></p> <p data-mce-fragment=""1""><strong data-mce-fragment=""1"">Storage: </strong>Keep lid tightly fastened and store at controlled room temperature of 59°-86°F. (15°-30°C).<strong data-mce-fragment=""1""> </strong></p> <p data-mce-fragment=""1""><strong>Available Sizes/Strengths</strong></p> <ul> <li> <h4 class=""Polaris-Header-Title_2qj8j""><a href=""https://dambshop.com/products/fish-pen-forte-penicillin-500-mg-30-count"" title=""fish Pen forte penicillin 500mg 30 THOMASLABS""><span style=""color: #2b00ff;"" data-mce-style=""color: #2b00ff;""><strong>Fish Pen Forte - Penicillin 500 mg (30 Count)</strong></span></a></h4> </li> </ul> </div>",ThomasPetRx,Aquariums,"fish amoxicillin,fish mox,fish mox forte,fish mox thomas labs,fish mox thomaspetrx,fish penicillin",2022-01-22T13:43:54+01:00,Title,Default Title,,,,,,150,,deny,manual,89.99,98.75,VRAI,FAUX,,https://cdn.shopify.com/s/files/1/0616/7792/8703/products/AZ1_e83d761d-3284-4072-9a18-4b047f7c30a3.png?v=1640202686,,,FAUX,,,,,,,,,,,,,,,,https://cdn.shopify.com/s/files/1/0616/7792/8703/products/AZ1_e83d761d-3284-4072-9a18-4b047f7c30a3.png?v=1640202686,,,,active
fish-doxy-doxycycline-100-mg-tablets-100-count-thomaspetrx-1,Fish Doxy - Doxycycline 100 mg Tablets (100 Count),"<p data-mce-fragment=""1"">Doxycycline exert a bactericidal action on gram positive and gram negative bacteria. Useful for control of some common bacterial diseases of fish including septicemia, mouth rot, and fin and tail rot.</p> <br data-mce-fragment=""1""> <p data-mce-fragment=""1""><strong data-mce-fragment=""1"">Each single packet contains</strong>: doxycycline hyclate<br data-mce-fragment=""1"">(active)..............................100 mg<br data-mce-fragment=""1""><br data-mce-fragment=""1""><strong data-mce-fragment=""1"">Directions</strong>: Tablets Only</p> <br data-mce-fragment=""1""> <p data-mce-fragment=""1""><span data-mce-fragment=""1"">Add 1 tablet (100 mg) into aquarium for every 15 gallons of water to be treated. Repeat in 24 hours. It is suggested that a partial water change be made between treatments. While duration of treatment depends on type and severity of infection, it is recommended that extended medication baths continue for a minimum of 5 days but not more than 10 days. Discontinue treatment if no improvement is noted within 5 days. To remove harmless yellow color, change 20% of water and use charcoal filter until clear.<br data-mce-fragment=""1""><br data-mce-fragment=""1""></span><strong data-mce-fragment=""1"">Caution</strong>: Fish Antibiotics are for aquarium and ornamental fish only. Not for human use. Keep out of the reach of children. Keep container tightly closed and in a cool dry place. Not to be given to fish intended for human consumption. <br></p> <br data-mce-fragment=""1""> <p data-mce-fragment=""1""><strong data-mce-fragment=""1"">Storage: </strong>Keep lid tightly fastened and store at controlled room temperature of 59°-86°F. (15°-30°C).</p>",ThomasPetRx,,"Doxycycline,FISH AID FORTE,FISH AID THOMAS LABS,fish amoxicillin,Fish Doxy,Fish Doxy - Doxycycline,Fish Doxy - Doxycycline FORTE,fish mox forte,fish mox thomas labs,fish mox thomaspetrx,Sulfamethoxazole",2022-01-22T13:43:53+01:00,Size,100 counts,,,,,4.22204E+13,200,,deny,manual,89.95,99.89,VRAI,FAUX,,https://cdn.shopify.com/s/files/1/0616/7792/8703/products/DOXY_f9c0f292-5c57-4caa-b3ed-d0606733932d.png?v=1640202697,,,FAUX,,,,,,,,,,,,,,,,https://cdn.shopify.com/s/files/1/0616/7792/8703/products/DOXY_f9c0f292-5c57-4caa-b3ed-d0606733932d.png?v=1640202697,,,,active
amoxicillin-forte-500-mg-for-fish-capsule-100-count,"Amoxicillin Forte 500 mg For Fish, Capsule - 100 count","<p data-mce-fragment=""1""><span><strong>Mox Forte 500mg Capsules 100 Count</strong></span></p> <p>Aqua-Mox is a broad spectrum antibiotic used to control common bacterial infection in fish. It exerts a bactericidal action on gram positive and some gram negative bacteria. It is useful for the control of bacterial diseases of fish, which include Aeromonas and Pseudomonas Genera and Mysobacterial Group (Gill Diseases, Chondrococcus).</p> <p><strong>Item Specifications:</strong></p> <p><strong>For Use:</strong></p> <p>Fish</p> <p><strong>Dosage:</strong></p> <p>Add contents of one capsule (500 mg) into aquarium for each 10 gallons of water to be treated. Repeat in 24 hours.</p> <p><strong>Suggestion:</strong> Make a partial water change be made between treatments. The duration of treatment will depend on type and severity of infection, it is recommended that extended medication baths continue for at least 5 days but no more than 10 days. If no improvement within 5 days, discontinue treatment. Change 20% of water and use charcoal filter until clear.</p> <p><strong>Ingredients:</strong></p> <p>Each capsule contains: Amoxicillin 500 mg</p> <p><strong>Cautions:</strong></p> <p>For aquarium and ornamental fish only. Not for human use. Keep out of the reach of children. Not to be given to fish intended for food use.</p> <p><strong>Storage:</strong></p> <p>Keep container tightly closed and in a cool dry place.</p> <p> </p> <p>KEEP OUT OF REACH OF CHILDREN AND PETS</p> <p>FOR ANIMAL USE ONLY, FOR VETERINARY USE ONLY, NOT FOR HUMAN USE</p> <div data-mce-fragment=""1""></div>",ThomasPetrx,,,2021-12-22T20:51:33+01:00,Title,Default Title,,,,,,0,,deny,manual,49.99,78.81,VRAI,VRAI,,https://cdn.shopify.com/s/files/1/0616/7792/8703/products/A_z1800x1800.png?v=1645219223,,,FAUX,,,,,,,,,,,,,,,,https://cdn.shopify.com/s/files/1/0616/7792/8703/products/A_z1800x1800.png?v=1645219223,,,,active
fish-clindamycin-150-mg-100-count,Fish Clindamycin 150 mg 100 count,"<h2>Fish Clindamycin 150 mg 100 count</h2> <h3><strong>Expiration Date :  02/2026</strong></h3> <p><strong>Fish Clindamycin </strong>is an antibiotic that exerts a bactericidal action on gram-positive and some gram-negative bacteria in fish. Used for the control of some common bacterial fish diseases, such as Aeromonas, Pseudomonas, and Mycobacterial (Gill diseases and Chondrococcus). </p> <p><strong>This product is USP grade and manufactured in the USA</strong></p> <p><strong>Description: </strong>Fish Clindamycin exerts a bactericidal action on gram positive and some gram negative bacteria. Useful for control of some common bacterial fish diseases including aeromonas and psuedomonas genera and mysobacterial group (gill dieases, chondrococcus).</p> <p><strong>Active Ingredients: </strong>Clindamycin 150 mg</p> <p><strong>Directions: </strong></p> <ul> <li>Add contents of one capsule (150 mg) into aquarium for each 10 gallons of water. Repeat in 24 hours. It is suggested that a partial water change be made between treatments. While treatment duration depends on type and severity of infection, it is recommended that extended baths in the medication continue for a minimum of 5 days &amp; for not more than 10 days. Discontinue treatment if no improvement is noted within 5 days. To remove harmless yellow color, change 20% of water and use charcoal filter until clear.</li> </ul>",Dambshop,,"aquarium antibiotics,aquarium clindamycin,Fish Aid  Antibiotics,Fish Aid  Antibiotics/Fish Aid Cin (Clindamycin),Fish aid Clindamycin,Fish Aid Medication,Fish cin Clindamycin,Fish Clindamycin",2021-09-01T10:37:36+01:00,Title,Default Title,,,,,P152S,0,,deny,manual,79.95,89.95,VRAI,VRAI,,https://cdn.shopify.com/s/files/1/0616/7792/8703/products/clindamycin-150-100-website_480x_4753c826-ee5f-4dac-88b6-90ad675b4881.jpg?v=1674854255,,,FAUX,,,,,,,,,,,,,,,,https://cdn.shopify.com/s/files/1/0616/7792/8703/products/clindamycin-150-100-website_480x_4753c826-ee5f-4dac-88b6-90ad675b4881.jpg?v=1674854255,,,,active
fish-flox-ciprofloxacin-250-mg-100-tablets,Fish cipro 250mg Fish Ciprofloxacin 100 Tablets,"<h2 data-mce-fragment=""1""><strong data-mce-fragment=""1"">Fish cipro 250mg - Fish Ciprofloxacin  100 Tablets </strong></h2> <h4><span style=""color: #ff2a00;""><strong>Expiration Date :  12/2026</strong></span></h4> <p data-mce-fragment=""1""><strong data-mce-fragment=""1"">Fish Flox Fish Ciprofloxacin</strong><strong data-mce-fragment=""1""><span data-mce-fragment=""1""> </span></strong> is a synthetic broad spectrum antibiotic that is effective against gram-negative and some gram-positive bacterial pathogens of fish, e.g. aeromonads, flexibacteria, vibrios.</p> <p data-mce-fragment=""1""><strong>Use for:</strong><span> Columnaris infections (Fin Rot, Saddleback, and Black Patch Necrosis Syndromes), Freshwater and Saltwater Furuncolosis (skin ulcers, systemic disease). Because it inhibits unique target enzymes needed for bacterial replication and DNA repair, it may be effective against bacteria unresponsive to other antibiotics.</span></p> <p data-mce-fragment=""1""><strong data-mce-fragment=""1""><br></strong></p> <p data-mce-fragment=""1""><strong data-mce-fragment=""1"">Dosage &amp; Administration: </strong>Pre-dissolve one tablet (250 mg) per 1 gallon of water in a small amount of water prior to adding to a hospital tank. Immerse for one hour. Repeat every day for 5-7 days with daily water changes after each treatment. Ciprofloxacin chelates divalent cations water hardness (increase dose for marine fish) and high divalent cations in diet. Its activity decreases with high pH (&gt;6.9). It can be bacteriostatic or bactericidal depending on the effective concentration at the target site.</p> <p data-mce-fragment=""1""><strong data-mce-fragment=""1"">Caution:</strong>Keep out of reach of children. Fish Antibiotics are for aquarium use only. Intended for ornamental fish and/or ornamental organisms, and not intended for use with fish that are intended for human consumption.<br></p> <p data-mce-fragment=""1""><strong data-mce-fragment=""1"">Ingredients: </strong>250 mg Ciprofloxacin</p> <p data-mce-fragment=""1""><strong data-mce-fragment=""1"">Storage:</strong>Keep lid tightly fastened and store at controlled room temperature of 59°-86°F. (15°-30°C).</p>",Dambshop,,,2021-06-25T19:13:16+01:00,Title,Default Title,,,,,P244S,0,,deny,manual,79.95,89.95,VRAI,VRAI,,https://cdn.shopify.com/s/files/1/0616/7792/8703/products/ciprofloxacin-250-100.jpg?v=1674854279,,,FAUX,,,,,,,,,,,,,,,,https://cdn.shopify.com/s/files/1/0616/7792/8703/products/ciprofloxacin-250-100.jpg?v=1674854279,,,,active
fish-flox-forte-ciprofloxacin-750-mg-30-tablets,Fish Flox Forte - Ciprofloxacin 750 mg  30 Tablets,"<h2 data-mce-fragment=""1"">Fish Flox Forte - Ciprofloxacin 750 mg 30 Tablets</h2> <h4><span style=""color: #ff2a00;""><strong>Expiration Date : <span> </span>06/2026</strong></span></h4> <p data-mce-fragment=""1""><strong data-mce-fragment=""1"">Fish Flox Forte Ciprofloxacin</strong> is a synthetic broad spectrum antibiotic that is effective against gram-negative and some gram-positive bacterial pathogens of fish, e.g. aeromonads, flexibacteria, vibrios.</p> <p data-mce-fragment=""1""><strong>Use for:</strong> Columnaris infections (Fin Rot, Saddleback, and Black Patch Necrosis Syndromes), Freshwater and Saltwater Furuncolosis (skin ulcers, systemic disease). Because it inhibits unique target enzymes needed for bacterial replication and DNA repair, it may be effective against bacteria unresponsive to other antibiotics.</p> <p data-mce-fragment=""1""><strong data-mce-fragment=""1"">Dosage &amp; Administration:</strong>Pre-dissolve one tablet (750 mg) per 2 gallons of water in a small amount of water prior to adding to a hospital tank. Immerse for one hour. Repeat every day for 5-7 days with daily water changes after each treatment. Ciprofloxacin chelates divalent cations water hardness (increase dose for marine fish) and high divalent cations in diet. Its activity decreases with high pH (&gt;6.9). It can be bacteriostatic or bactericidal depending on the effective concentration at the target site.</p> <p data-mce-fragment=""1""><strong data-mce-fragment=""1"">Caution:</strong>Keep out of reach of children.Fish Antibiotics are for aquarium use only. Intended for ornamental fish and/or ornamental organisms, and not intended for use with fish that are intended for human consumption.<br></p> <p data-mce-fragment=""1""><strong data-mce-fragment=""1"">Ingredients:75</strong>0 mg Ciprofloxacin</p> <p data-mce-fragment=""1""><strong data-mce-fragment=""1"">Storage:</strong>Keep lid tightly fastened and store at controlled room temperature of 59°-86°F. (15°-30°C).</p>",Dambshop,,,2021-06-25T13:10:23+01:00,Title,Default Title,,,,,P242S-2,0,,deny,manual,69.95,79.95,VRAI,VRAI,,https://cdn.shopify.com/s/files/1/0616/7792/8703/products/cipro750mg.jpg?v=1674854308,,,FAUX,,,,,,,,,,,,,,,,https://cdn.shopify.com/s/files/1/0616/7792/8703/products/cipro750mg.jpg?v=1674854308,,,,active
fish-flex-forte-cephalexin-500-mg-100-capsules,Fish flex forte Cephalexin - 500 mg 100 capsules,"<h2>Fish flex forte Cephalexin - 500 mg 100 capsules</h2> <h4><span style=""color: #ff2a00;""><strong>Expiration Date : 04/2025</strong></span></h4> <p><strong>Fish flex forte Cephalexin  </strong>is a broad-spectrum antibiotic that is used in treating a wide variety of non-specific bacterial infections during the most active and multiplying stages of infection. This effective fish antibiotic is helpful with treating a number of pathogenic bacteria associated with ornamental fish diseases.This product is <strong>USP grade and manufactured  in the USA</strong></p> <p><strong>Description: </strong>Fish flex forte Cephalexin is a broad spectrum non-prescription antibiotic used to treat a wide range of non-specific bacterial infections in fish during the most active and multiplying stages of infection. </p> <p><strong><br></strong></p> <p><strong>Active Ingredients: Fish flex forte </strong>500 mg</p> <p><strong>Directions: </strong></p> <ul> <li> Add contents of one capsule (500 mg) into aquarium for each 20 gallons of water to be treated. Repeat in 24 hours. It is suggested that a partial water change be made between treatments. While duration of treatment depends on type and severity of infection, it is recommended that extended medication baths continue for a minimum of 5 days &amp; for not more than 10 days. Discontinue treatment if no improvement is noted within 5 days.</li> </ul> <p><strong>Caution</strong>:  For aquarium and ornamental fish only. Not for human use. This product should not be given to fish intended for human consumption. Keep out of the reach of children and animals. Keep container tightly closed and in a cool dry place. In case of accidental overdose, contact a health professional immediately. </p>",Dambshop,,"Fish   Cephalexin,Fish Aid  Antibiotics/Fish Aid Cephalexin,Fish Aid Antibiotics  Cephalexin,fish flex,Fish flex forte,Fish flex forte Cephalexin",2021-06-25T11:24:03+01:00,Title,Default Title,,,,,P240S,0,,deny,manual,65.95,89.95,VRAI,VRAI,,https://cdn.shopify.com/s/files/1/0616/7792/8703/products/cephalexin-500-100.jpg?v=1674854250,,,FAUX,,,,,,,,,,,,,,,,https://cdn.shopify.com/s/files/1/0616/7792/8703/products/cephalexin-500-100.jpg?v=1674854250,,,,active
fish-flex-cephalexin-250mg-100-capsules,fish flex cephalexin   250mg- 100 capsules,"<h2>fish flex cephalexin  250mg- 100 capsules</h2> <h4><span style=""color: #ff2a00;""><strong>Expiration Date :  12/2022</strong></span></h4> <p><strong>Fish flex Cephalexin </strong>is a broad-spectrum antibiotic that is used in treating a wide variety of non-specific bacterial infections during the most active and multiplying stages of infection. This effective fish antibiotic is  helpful with treating a number of pathogenic bacteria associated with ornamental fish diseases.</p> <p><strong>This product is USP grade and manufactured in the USA</strong></p> <p><strong>Description: </strong>Fish flex Cephalexin is a broad spectrum non-prescription antibiotic used to treat a wide range of non-specific bacterial infections in fish during the most active and multiplying stages of infection.</p> <p><strong>Active Ingredients: </strong>Cephalexin 250 mg</p> <p><strong>Directions: </strong></p> <ul> <li> Add contents of one capsule (250 mg) into aquarium for each 10 gallons of water to be treated. Repeat in 24 hours. It is suggested that a partial water change be made between treatments. While duration of treatment depends on type and severity of infection, it is recommended that extended medication baths continue for a minimum of 5 days &amp; for not more than 10 days. Discontinue treatment if no improvement is noted within 5 days.</li> </ul> <p><strong>Caution</strong>:For aquarium and ornamental fish only. Not for human use. This product should not be given to fish intended for human consumption. Keep out of the reach of children and animals. Keep container tightly closed and in a cool dry place. In case of accidental overdose, contact a health professional immediately. </p>",Dambshop,,"Fish Aid Antibiotics Cephalexin,Fish Aid Cephalexin,Fish Cephalexin,fish flex,fish flex cephalexin,fish flex forte",2021-06-25T11:11:06+01:00,Title,Default Title,,,,,P239S,0,,deny,manual,49.95,,VRAI,VRAI,,https://cdn.shopify.com/s/files/1/0616/7792/8703/products/cephalexin-250-100.jpg?v=1674854253,,,FAUX,,,,,,,,,,,,,,,,https://cdn.shopify.com/s/files/1/0616/7792/8703/products/cephalexin-250-100.jpg?v=1674854253,,,,active
aquarium-amoxicillin-250-mg-100-capsules,Aquarium amoxicillin 250 mg 100 capsules,"<h2>Aquarium amoxicillin 250mg -100 Count</h2> <p>Aquarium amoxicillin 250mg exerts a bactericidal action on gram-positive and some gram-negative bacteria. Amoxicillin is a broad spectrum bacterial antibiotic. It is effective against a number of pathogentic bacteria associated with marine and freshwater ornamental fish diseases. Can use for infected eyes, pop-eye, fin or tail rot, skin ulcerations, columnaris disease, and gill disease.</p> <p><strong>Dosage &amp; Administration :</strong>Add contents of one capsule (250 mg) into aquarium for each 20 gallons of water to be treated. Repeat in 24 hours. It is suggested that a partial water change be made between treatments. While treatment duration depends on type and severity of the infection, it is recommended that extended medication baths continue for a minimum of 5 days and not more than 10 days. Discontinue treatment with this medication if no improvement is noted within 5 days. To remove harmless yellow color, change 20% of water and use charcoal filter until clear.</p> <p><strong>Caution: </strong>Keep out of reach of children. For aquarium use only. Fish Antibiotics are Intended for ornamental fish and/or ornamental organisms, and not intended for use with fish that are intended for human consumption. For those allergic to Amoxicillin, separate capsule by holding each end above tank and tap out contents.</p> <p><strong>Ingredients: </strong> Aquarium amoxicillin 250 mg</p> <p><strong>Storage:</strong>Keep lid tightly fastened and store at controlled room temperature of 59°-86°F. (15°-30°C).</p> <p><strong>Related Products :</strong></p>",Dambshop,,"Fish  Amoxicillin,Fish Aid Antibiotics Amoxicillin,fish mox,fish mox Amoxicillin,fishAmoxicillin",2021-06-24T15:17:37+01:00,Title,Default Title,,,,,P237S,0,,deny,manual,39.9,49.99,VRAI,VRAI,,https://cdn.shopify.com/s/files/1/0616/7792/8703/products/fishamoxicillin-250-100.jpg?v=1674854246,,,FAUX,,,,,,,,,,,,,,,,https://cdn.shopify.com/s/files/1/0616/7792/8703/products/fishamoxicillin-250-100.jpg?v=1674854246,,,,active
fish-zole-forte-metronidazole-500-mg-100-tablets,fish zole forte - Metronidazole 500 mg 100 Tablets,"<h3> <span style=""color: #ff2a00;""><strong></strong></span>fish zole forte Metronidazole 500 mg 100 Tablets</h3> <p><strong>Fish zole forte Metronidazole 500 mg  </strong>is an antibiotic that exerts a bactericidal action on gram-positive and some gram-negative bacteria in fish. Useful to help control some common bacterial diseases in fish such as Aeromonas, Pseudomonas, and Mycobacterial (Gill diseases and Chondrococcus). Effective against anaerobic bacteria, a bacteria that only grows where there is no oxygen. Also used to control parasitic diseases such as Cryptocaryon irritans, Ichthyophthirius multifiliis, and Hexamita.</p> <p><strong>Description: </strong>Fish zole forte  Metronidazole exerts bactericidal action on gram positive and some gram negative bacteria. It is useful for control of some common bacterial fish diseases including Aeromonas and Pseudomonas genera and mysobacterial group (gill diseases, chondrococcus).</p> <p><strong>Active Ingredients: </strong>Metronidazole 500 mg</p> <p><strong>Directions: </strong></p> <ul> <li>Add one tablet (500mg) into aquarium for each 20 gallons of water to be treated. Repeat in 24 hours. It is suggested that a partial water change be made between treatments. While duration of treatment depends on type and severity of infection, it is recommended that extended medication baths continue for a minimum of 5 days and not for more than 10 days. Discontinue treatment if no improvement is noted within 5 days. To remove harmless yellow color, change 20% of water and use charcoal filter until clear.</li> </ul>",Dambshop,,"Fish Aid Metronidazole,fish antibiotics,fish Metronidazole,fish zole,fish zole forte,fish zole forte Metronidazole",2021-06-24T14:28:59+01:00,Title,Default Title,,,,,P236S,0,,deny,manual,89.95,149.99,VRAI,VRAI,,https://cdn.shopify.com/s/files/1/0616/7792/8703/products/metronidazole-500-100pak.jpg?v=1674854295,,,FAUX,,,,,,,,,,,,,,,,https://cdn.shopify.com/s/files/1/0616/7792/8703/products/metronidazole-500-100pak.jpg?v=1674854295,,,,active
fish-metronidazole-250-mg-100-tablets,fish Metronidazole  250 mg 100 Tablets,"<h3><span style=""color: #ff2a00;""><strong> Expiration Date : 03/2025</strong></span></h3> <div aria-hidden=""true"" class=""accordion-content open-content""> <div aria-hidden=""true"" class=""accordion-content open-content""> <div class=""cart-info-tabs cart-descr cart-info-tabsPSP"" id=""productTabs""> <div class=""cart-tabs""> <div id=""productTabsContent"" class=""wrap-tabs""> <div class=""container-inner""> <div class=""cart-tabs__content""> <div aria-labelledby=""btn_div_productinfo"" class=""cart-tabs__item cart-tabs__item--active""></div> <div aria-labelledby=""btn_div_productinfo"" id=""div_productinfo"" class=""cart-tabs__item cart-tabs__item--active""> <p data-mce-fragment=""1""><strong data-mce-fragment=""1"">Fish  Metronidazole 250 mg  </strong>is an antibiotic that exerts a bactericidal action on gram-positive and some gram-negative bacteria in fish. Useful to help control some common bacterial diseases in fish such as Aeromonas, Pseudomonas, and Mycobacterial (Gill diseases and Chondrococcus). Effective against anaerobic bacteria, a bacteria that only grows where there is no oxygen. Also used to control parasitic diseases such as Cryptocaryon irritans, Ichthyophthirius multifiliis, and Hexamita.</p> <p data-mce-fragment=""1""><strong data-mce-fragment=""1"">Description:<span data-mce-fragment=""1""> </span></strong>Fish Metronidazole <span data-mce-fragment=""1"">exerts bactericidal action on gram positive and some gram negative bacteria. It is u</span><span data-mce-fragment=""1"">seful for control of some common bacterial fish diseases including Aeromonas and Pseudomonas genera and mysobacterial group (gill diseases, chondrococcus).</span></p> <p data-mce-fragment=""1""><strong data-mce-fragment=""1""><br></strong></p> <p data-mce-fragment=""1""><strong data-mce-fragment=""1"">Active Ingredients:<span data-mce-fragment=""1""> </span></strong><span data-mce-fragment=""1"">Metronidazole</span> 250 mg</p> <p data-mce-fragment=""1""><strong data-mce-fragment=""1"">Directions: </strong></p> <ul data-mce-fragment=""1""> <li><span>Add one tablet (250mg) into aquarium for each 10 gallons of water to be treated. Repeat in 24 hours. It is suggested that a partial water change be made between treatments. While duration of treatment depends on type and severity of infection, it is recommended that extended medication baths continue for a minimum of 5 days and not for more than 10 days. Discontinue treatment if no improvement is noted within 5 days. To remove harmless yellow color, change 20% of water and use charcoal filter until clear.</span></li> </ul> </div> </div> </div> </div> </div> </div> </div> </div> <div aria-hidden=""true"" class=""accordion-content open-content""></div>",Dambshop,,"antibiotics,fish,Fish Aid Antibiotics Metronidazole,Fish Aid Antibiotics Metronidazole Tablets 250 mg - 100 count,Fish Aid Best Selling,fish antibiotics,fish medication,gram,metronidazole,tablets",2021-06-24T14:12:21+01:00,Title,Default Title,,,,,P235S,0,,deny,manual,59.95,79.95,VRAI,VRAI,,https://cdn.shopify.com/s/files/1/0616/7792/8703/products/metronidazole-250-1001.jpg?v=1674854298,,,FAUX,,,,,,,,,,,,,,,,https://cdn.shopify.com/s/files/1/0616/7792/8703/products/metronidazole-250-1001.jpg?v=1674854298,,,,active
fish-sulfa-forte-sulfamethoxazole-trimethoprim-800mg-100-count,Fish sulfa forte Sulfamethoxazole /Trimethoprim 800mg 100 count,"<h2>Fish sulfa forte Sulfamethoxazole /Trimethoprim 800mg 100 count</h2> <p><strong>Fish sulfa forte Sulfamethoxazole </strong>is an antibiotic  that exerts a bactericidal action on gram-positive and some gram-negative bacteria in fish. Used in the control of some common bacterial diseases in fish, such as Aeromonas, Pseudomonas, and Mycobacterial (Gill diseases and Chondrococcus).<br> </p> <p><strong>This product is USP grade and manufactured in the USA</strong></p> <p><strong>Description: </strong>Fish sulfa forte exerts a bactericidal action on gram negative bacteria. Useful for control of some common bacterial fish diseases including areomonas and pseudomonas genera and mysobacterial group.</p> <ul> <li><br></li> </ul> <p><strong>Active Ingredients: Fish sulfa forte Sulfamethoxazole / Trimethoprim 800 mg</strong><br><br><strong>Directions: </strong><br> </p> <ul> <li>Add one tablet (800mg) into aquarium for each 40 gallons of water to be treated. Repeat in 24 hours. It is suggested that a partial water change be made between treatments. While duration of treatment depends on type and severity of infection, it is recommended that extended baths in the medication continue for a minimum of 5 days &amp; for not more than 10 days. Discontinue treatment with this medication if no improvement is noted within 5 days. To remove harmless yellow color, change 20% of water and use charcoal filter until clear.<br> </li> </ul> <p><strong>Caution</strong>: For aquarium and ornamental fish only. Not for human use. This product should not be given to fish intended for human consumption. Keep out of the reach of children and animals. Keep container tightly closed and in a cool dry place. In case of accidental overdose, contact a health professional immediately.</p>",Dambshop,,"Fish  Sulfamethoxazole,Fish sulfa,Fish sulfa forte,Fish sulfa forte - Sulfamethoxazole",2021-06-24T13:21:25+01:00,Title,Default Title,,,,,P233S,0,,deny,manual,69.95,89.95,VRAI,VRAI,,https://cdn.shopify.com/s/files/1/0616/7792/8703/products/sulfa-1001.jpg?v=1674854274,,,FAUX,,,,,,,,,,,,,,,,https://cdn.shopify.com/s/files/1/0616/7792/8703/products/sulfa-1001.jpg?v=1674854274,,,,active
fish-minocycline-100mg-50-capsules,fish Minocycline 100mg- 30 capsules,"<h2>fish Minocycline 100mg- 30 capsules</h2> <p><strong>fish Minocycline 100mg </strong>Is a broad-spectrum antibiotic that controls gram-positive and some gram-negative bacteria in fish . Aiding in helping to control some common fish bacterial diseases such as Fin and Tail Rot, Gill disease, Septicemia, Dropsy, Popeye, and secondary and internal infections.</p> <p><strong>This product is USP grade and manufactured in the USA</strong></p> <p><strong><br></strong></p> <p><strong>Active Ingredients: </strong>Minocycline hcl 100mg<br><br><strong>Directions: </strong></p> <p>Use one capsule 100mg per 20 gallons water .</p> <p>Dissolve in small amount of water, add directly into aquarium, pond or hospital tank </p> <p>Repeat every 24 hours for 5-10 days, do not exceed 10 days</p> <p>It’s recommended that 1/4 water change be made daily during treatment</p>",Dambshop,,"fish Min Minocycline,fish Minocycline,fish Minocycline 100mg,Minocycline fish treatment",2021-06-24T12:08:29+01:00,Size,30 capsules,,,,,P231S-2,0,,deny,manual,69.95,89.95,VRAI,VRAI,,https://cdn.shopify.com/s/files/1/0616/7792/8703/products/minocycline-100-50.jpg?v=1674854289,,,FAUX,,,,,,,,,,,,,,,,https://cdn.shopify.com/s/files/1/0616/7792/8703/products/minocycline-100-50.jpg?v=1674854289,,,,active
fish-fungus-ketoconazole-200mg-30-tablets,fish fungus ketoconazole  200mg - 30 tablets,"<h2 data-mce-fragment=""1"">fish fungus ketoconazole  200mg - 30 tablets</h2> <h3><span style=""color: #ff2a00;"">Expiration Date :  11/2025</span></h3> <p data-mce-fragment=""1"">Fish Ketoconazole 200mg <span data-mce-fragment=""1"">is a broad-spectrum anti fungal antibiotic medication used for topical and systemic fungal infections in fish. It is designed for use in aquariums. This fish medication is effective against the fungus that is susceptible to Ketoconazole</span></p> <p data-mce-fragment=""1""><strong data-mce-fragment=""1"">Dosage &amp; Administration: </strong>Add 1 tablet (200 mg) into aquarium for every 50 gallons of water to be treated. Repeat in 24 hours. It is suggested that a partial water change be made between treatments. While duration of treatment depends on type and severity of infection, it is recommended that extended medication baths continue for a minimum of 5 days but not more than 10 days. Discontinue treatment if no improvement is noted within 5 days. To remove harmless yellow color, change 20% of water and use charcoal filter until clear.</p> <p data-mce-fragment=""1""><strong data-mce-fragment=""1"">Caution: </strong>Keep out of reach of children. For aquarium use only. Fish Antibiotics are Intended for ornamental fish and/or ornamental organisms, and not intended for use with fish that are intended for human consumption. For those allergic to Amoxicillin, separate capsule by holding each end above tank and tap out contents.</p> <p data-mce-fragment=""1""><strong data-mce-fragment=""1"">Ingredients:</strong> <span data-mce-fragment=""1"">Ketoconazole 200mg</span></p> <p data-mce-fragment=""1""><strong data-mce-fragment=""1"">Storage: </strong>Keep lid tightly fastened and store at controlled room temperature of 59°-86°F. (15°-30°C).</p> <p data-mce-fragment=""1""><strong data-mce-fragment=""1""><br></strong></p>",Dambshop,,,2021-06-24T10:02:03+01:00,Title,Default Title,,,,,P229S,0,,deny,manual,69.95,89.95,VRAI,VRAI,,https://cdn.shopify.com/s/files/1/0616/7792/8703/products/ketoconazole-200-30.jpg?v=1674854292,,,FAUX,,,,,,,,,,,,,,,,https://cdn.shopify.com/s/files/1/0616/7792/8703/products/ketoconazole-200-30.jpg?v=1674854292,,,,active
fish-aid-doxycycline-100-mg-100-capsules-1,Fish  Doxycycline 100 mg 100 capsules,"<h2>Fish Doxycycline 100 mg 100 capsules</h2> <h3><span style=""color: #ff2a00;"">Expiration Date : 01/2025</span></h3> <p><strong>Fish Doxycycline </strong>is an antibiotic that exerts a bactericidal action on gram-positive and some gram-negative bacteria in fish. Used for the control of some common bacterial fish diseases such as Tail Rot, Mouth Rot, Fin Rot, and Septicemia.</p> <p><strong>This product is USP grade and manufactured in the USA</strong></p> <p><strong>Description: </strong>Fish Doxycycline is an antibiotic that exerts a bactericidal action on gram-positive and some gram -negative bacteria in fish. This fish antibiotic is useful for control of some common bacterial diseases in fish, including Septicemia, Mouth Rot, and Fin and Tail Rot.</p> <p><strong>Active Ingredients: </strong>Doxycycline Hyclate 100 mg</p> <p><strong>Directions: </strong><br> </p> <ul> <li>Add 1 tablet (100 mg) into aquarium for every 15 gallons of water to be treated. Repeat in 24 hours. It is suggested that a partial water change be made between treatments. While duration of treatment depends on type and severity of infection, it is recommended that extended medication baths continue for a minimum of 5 days but not more than 10 days. Discontinue treatment if no improvement is noted within 5 days. To remove harmless yellow color, change 20% of water and use charcoal filter until clear.<br> </li> </ul> <p><strong>Caution</strong>:For aquarium and ornamental fish only. Not for human use. This product should not be given to fish intended for human consumption. Keep out of the reach of children and animals. Keep container tightly closed and in a cool dry place. In case of accidental overdose, contact a health professional immediately. </p>",Dambshop,,"Fish  Doxy,Fish  Doxycycline 100 mg,Fish Doxy Doxycycline",2021-06-22T01:31:45+01:00,Title,Default Title,,,,,P223S,0,,deny,manual,89.95,95.95,VRAI,VRAI,,https://cdn.shopify.com/s/files/1/0616/7792/8703/products/Doxycycline-100-100-capsules.jpg?v=1674854268,,,FAUX,,,,,,,,,,,,,,,,https://cdn.shopify.com/s/files/1/0616/7792/8703/products/Doxycycline-100-100-capsules.jpg?v=1674854268,,,,active
fish-doxycycline-100-mg-30-capsules,Fish Doxycycline 100 mg 30  capsules,"<h2>Fish  Doxycycline 100 mg 30  capsules</h2> <h3> <span style=""color: #ff2a00;"">Expiration Date : 01/2024</span><br> </h3> <p><strong>Fish Doxycycline </strong>is an antibiotic that exerts a bactericidal action on gram-positive and some gram-negative bacteria in fish. Used for the control of some common bacterial fish diseases such as Tail Rot, Mouth Rot, Fin Rot, and Septicemia.</p> <p><strong>This product is USP grade and manufactured in the USA</strong></p> <p><strong>Description: </strong>Fish Doxycycline is an antibiotic that exerts a bactericidal action on gram-positive and some gram -negative bacteria in fish. This fish antibiotic is useful for control of some common bacterial diseases in fish, including Septicemia, Mouth Rot, and Fin and Tail Rot.</p> <p><strong>Active Ingredients: </strong>Doxycycline Hyclate 100 mg</p> <p><strong>Directions: </strong><br> </p> <ul> <li>Add 1 tablet (100 mg) into aquarium for every 15 gallons of water to be treated. Repeat in 24 hours. It is suggested that a partial water change be made between treatments. While duration of treatment depends on type and severity of infection, it is recommended that extended medication baths continue for a minimum of 5 days but not more than 10 days. Discontinue treatment if no improvement is noted within 5 days. To remove harmless yellow color, change 20% of water and use charcoal filter until clear.<br> </li> </ul> <p><strong>Caution</strong>:For aquarium and ornamental fish only. Not for human use. This product should not be given to fish intended for human consumption. Keep out of the reach of children and animals. Keep container tightly closed and in a cool dry place. In case of accidental overdose, contact a health professional immediately. </p>",Dambshop,,"Fish  Doxy,Fish  Doxycycline,Fish  Doxycycline 100 mg",2021-06-22T01:27:49+01:00,Title,Default Title,,,,,P222S,0,,deny,manual,48.95,59.95,VRAI,VRAI,,https://cdn.shopify.com/s/files/1/0616/7792/8703/products/doxycycline-100-30-capsules.jpg?v=1674854265,,,FAUX,,,,,,,,,,,,,,,,https://cdn.shopify.com/s/files/1/0616/7792/8703/products/doxycycline-100-30-capsules.jpg?v=1674854265,,,,active
fish-penicillin-250-mg-100-tablets,Fish Penicillin 250 mg 100 Tablets,"<h2>Fish Penicillin 250 mg 100 Tablets</h2> <h3><span style=""color: #ff2a00;"">Expiration Date : 07/2025</span></h3> <p> <strong>Fish Penicillin 250 mg </strong> is an antibiotic that exerts a bactericidal action on gram-positive and some gram-negative bacteria in fish. Used in the control of some common bacterial diseases in fish, including diseases caused by bacteria such as fin and tail rot and Flexibacter infections.</p> <p><strong>This product is USP grade and manufactured in the USA</strong></p> <p><strong>Description: </strong>Fish Penicillin exerts a bactericidal action on gram positive and some gram negative bacteria. Useful for the control of some common bacterial diseases of fish including fin and tail rot and flexibacter infections.</p> <p> </p> <p><strong>Active Ingredients: </strong>Penicillin V potassium 250mg<br><br><strong>Directions: </strong></p> <p>Add one tablet (250 mg) into aquarium for each 10 gallons of water to be treated. Repeat in 24 hours. It is suggested that a partial water change be made between treatments. While duration of treatment depends on type and severity of the infection, it is recommended that extended baths in the medication continue for a minimum of 5 days &amp; for not more than 10 days. Discontinue treatment with this medication if no improvement is noted within 5 days.</p>",Dambshop,,"fish pen,Fish Penicillin",2021-06-20T13:48:55+01:00,Title,Default Title,,,,,P219S,0,,deny,manual,59.95,69.95,VRAI,VRAI,,https://cdn.shopify.com/s/files/1/0616/7792/8703/products/penicillin-250-100m.jpg?v=1674854276,,,FAUX,,,,,,,,,,,,,,,,https://cdn.shopify.com/s/files/1/0616/7792/8703/products/penicillin-250-100m.jpg?v=1674854276,,,,active
fish-pen-forte-penicillin-500-mg-100-tablets,Fish Pen Forte Penicillin 500 mg 100 Tablets,"<h2>Fish Pen Forte Penicillin 500 mg 100 Tablets</h2> <p><strong>Fish Pen Forte Penicillin 500 mg </strong>is an antibiotic that exerts a bactericidal action on gram-positive and some gram-negative bacteria in fish. Used in the control of some common bacterial diseases in fish, including diseases caused by bacteria such as fin and tail rot and Flexibacter infections.</p> <p><strong>This product is USP grade and manufactured in the USA</strong></p> <p><strong>Description: </strong>Fish pen forte penicillin exerts a bactericidal action on gram positive and some gram negative bacteria. Useful for the control of some common bacterial diseases of fish including fin and tail rot and flexibacter infections.</p> <p><strong><br></strong></p> <p><strong>Active Ingredients: </strong> Penicillin VK potassium 500mg<br><br><strong>Directions: </strong></p> <p> Add one tablet (500 mg) into aquarium for each 20 gallons of water to be treated. Repeat in 24 hours. It is suggested that a partial water change be made between treatments. While duration of treatment depends on type and severity of the infection, it is recommended that extended baths in the medication continue for a minimum of 5 days &amp; for not more than 10 days. Discontinue treatment with this medication if no improvement is noted within 5 days.</p>",Dambshop,,"Fish Pen,Fish Pen Forte,Fish Pen Forte Penicillin 500 mg,Fish Penicillin 500 mg 100 Tablets",2021-06-20T12:31:03+01:00,Title,Default Title,,,,,P217S,0,,deny,manual,89.95,99.95,VRAI,VRAI,,https://cdn.shopify.com/s/files/1/0616/7792/8703/products/penicillin-500-100dd.jpg?v=1674854271,,,FAUX,,,,,,,,,,,,,,,,https://cdn.shopify.com/s/files/1/0616/7792/8703/products/penicillin-500-100dd.jpg?v=1674854271,,,,active
